ANNO;SEGMENTO_MERCATO;PROV;COD_NAZ;Comune;Abitazioni locate con contratto registrato;Porzioni di abitazioni locate con contratto registrato;Abitazioni locate per intero con contratto registrato (A);Abitazioni locate per intero con contratto registrato incrociate in catasto e senza anomalie (B);Superficie in mq delle abitazioni locate (per le unit… B);Canone annuo in euro  delle abitazioni locate (per le unit… B);IML (unit… B su stock abitazioni non principali)
2018;AGE_C;AG;A089;AGRIGENTO;213;12;201;187;20826;705846,182;0,009
2018;AGE_C;AL;A182;ALESSANDRIA;1842;66;1776;1449;123803;5818111,74;0,058
2018;AGE_C;AN;A271;ANCONA;1755;109;1646;1419;119641;7862251,36;0,069
2018;AGE_C;AO;A326;AOSTA;236;9;227;155;14613;847653,743;0,015
2018;AGE_C;AP;A462;ASCOLI PICENO;447;54;393;354;32051;1669039,251;0,035
2018;AGE_C;AQ;A345;L`AQUILA;819;74;745;487;47957,5;2391061,632;0,016
2018;AGE_C;AR;A390;AREZZO;2032;93;1939;1199;106330;6493508,966;0,063
2018;AGE_C;AT;A479;ASTI;1840;43;1797;1256;99218,5;5159472,283;0,062
2018;AGE_C;AV;A509;AVELLINO;268;3;265;212;24280;1039935,589;0,019
2018;AGE_C;BA;A662;BARI;1628;107;1521;1129;106797;6572995,703;0,017
2018;AGE_C;BG;A794;BERGAMO;1646;98;1548;1046;87724;6504992,468;0,035
2018;AGE_C;BI;A859;BIELLA;582;22;560;419;34978,5;1709817,007;0,030
2018;AGE_C;BL;A757;BELLUNO;747;20;727;489;43562,5;2399338,485;0,048
2018;AGE_C;BN;A783;BENEVENTO;196;4;192;159;16574;639717,577;0,013
2018;AGE_C;BO;A944;BOLOGNA;5370;302;5068;4108;331656;29084275,52;0,040
2018;AGE_C;BR;B180;BRINDISI;47;2;45;40;4169;179401,857;0,002
2018;AGE_C;BS;B157;BRESCIA;2007;143;1864;1373;118943;7024617,828;0,029
2018;AGE_C;BZ;A952;BOLZANO;2331;699;1632;1236;109877,5;10868844,01;0,050
2018;AGE_C;CA;B354;CAGLIARI;600;102;498;388;38002,5;2752524,127;0,014
2018;AGE_C;CB;B519;CAMPOBASSO;118;21;97;84;8125,5;325914,649;0,008
2018;AGE_C;CE;B963;CASERTA;735;35;700;474;54652,5;2342528,168;0,026
2018;AGE_C;CH;C632;CHIETI;475;57;418;374;35093;1704807,763;0,033
2018;AGE_C;CL;B429;CALTANISSETTA;207;16;191;174;17020,5;586582,292;0,010
2018;AGE_C;CN;D205;CUNEO;837;10;827;610;53665,5;2509662,082;0,039
2018;AGE_C;CO;C933;COMO;348;31;317;218;18075,5;1358587,07;0,010
2018;AGE_C;CR;D150;CREMONA;1493;30;1463;1131;90295;5239914;0,059
2018;AGE_C;CS;D086;COSENZA;230;13;217;200;20924;898358,755;0,013
2018;AGE_C;CT;C351;CATANIA;2291;208;2083;1750;168832;8730247,593;0,023
2018;AGE_C;CZ;C352;CATANZARO;271;27;244;228;22920,5;990106,08;0,012
2018;AGE_C;EN;C342;ENNA;190;21;169;158;16071,5;576126,791;0,018
2018;AGE_C;FE;D548;FERRARA;3174;116;3058;2207;175037,5;11859784,73;0,072
2018;AGE_C;FG;D643;FOGGIA;318;8;310;259;27059;1140275,537;0,010
2018;AGE_C;FI;D612;FIRENZE;2409;199;2210;1940;175612;16162983,53;0,023
2018;AGE_C;FO;D704;FORLI;2035;180;1855;1229;105906,5;6477527,92;0,055
2018;AGE_C;FR;D810;FROSINONE;232;21;211;193;19128;913381,404;0,021
2018;AGE_C;GE;D969;GENOVA;8440;136;8304;6736;560971,5;38693930,91;0,055
2018;AGE_C;GO;E098;GORIZIA;675;54;621;120;10292,5;541801,094;0,015
2018;AGE_C;GR;E202;GROSSETO;1430;90;1340;1011;79335,5;5773481,359;0,053
2018;AGE_C;IM;E290;IMPERIA;1277;40;1237;987;77704;5115666,908;0,063
2018;AGE_C;IS;E335;ISERNIA;72;2;70;60;7051;256357,205;0,013
2018;AGE_C;KR;D122;CROTONE;305;5;300;247;25692,5;1063492,637;0,022
2018;AGE_C;LC;E507;LECCO;536;28;508;381;30211;2151598,833;0,033
2018;AGE_C;LE;E506;LECCE;365;30;335;270;30221,5;1429894,755;0,011
2018;AGE_C;LI;E625;LIVORNO;774;11;763;658;62592,5;4004160,464;0,024
2018;AGE_C;LO;E648;LODI;136;9;127;93;8319,5;473048,64;0,009
2018;AGE_C;LT;E472;LATINA;1529;57;1472;1054;92585,5;5915869,448;0,046
2018;AGE_C;LU;E715;LUCCA;821;36;785;566;60419;3625682,366;0,029
2018;AGE_C;MC;E783;MACERATA;435;36;399;315;29632;1538600,427;0,034
2018;AGE_C;ME;F158;MESSINA;974;59;915;849;80159;4003972,589;0,015
2018;AGE_C;MI;F205;MILANO;2878;249;2629;2414;180086,5;17130770,06;0,006
2018;AGE_C;MN;E897;MANTOVA;482;46;436;346;29646;1687258,385;0,022
2018;AGE_C;MO;F257;MODENA;4827;1504;3323;2239;179536;12972861,19;0,054
2018;AGE_C;MS;F023;MASSA;705;46;659;571;52301;3580017,237;0,031
2018;AGE_C;MT;F052;MATERA;521;51;470;365;33190;1852001,141;0,036
2018;AGE_C;NA;F839;NAPOLI;3978;168;3810;3570;331593,5;27211856,82;0,016
2018;AGE_C;NO;F952;NOVARA;1295;41;1254;972;77946,5;4604911,474;0,042
2018;AGE_C;NU;F979;NUORO;29;3;26;24;2403;104861,143;0,004
2018;AGE_C;OR;G113;ORISTANO;163;17;146;112;10641,5;563540,375;0,018
2018;AGE_C;PA;G273;PALERMO;5654;212;5442;5255;530194,5;28807079,08;0,034
2018;AGE_C;PC;G535;PIACENZA;1786;83;1703;1267;106874;6168356,914;0,049
2018;AGE_C;PD;G224;PADOVA;5020;430;4590;2933;245636;19081782,93;0,064
2018;AGE_C;PE;G482;PESCARA;1479;136;1343;1126;106557;6305766,991;0,042
2018;AGE_C;PG;G478;PERUGIA;3197;141;3056;2317;195688;10643631,92;0,066
2018;AGE_C;PI;G702;PISA;903;111;792;642;59276,5;4726302,379;0,024
2018;AGE_C;PN;G888;PORDENONE;1227;27;1200;684;50381,5;3317781,779;0,065
2018;AGE_C;PO;G999;PRATO;1099;71;1028;696;70559;5130790,245;0,027
2018;AGE_C;PR;G337;PARMA;1717;51;1666;1206;99042;6382691,76;0,025
2018;AGE_C;PS;G479;PESARO;1475;125;1350;1027;90843,5;6100937,927;0,058
2018;AGE_C;PT;G713;PISTOIA;1311;114;1197;948;87465;5557501,524;0,053
2018;AGE_C;PV;G388;PAVIA;2020;79;1941;1501;101982;8154805,785;0,063
2018;AGE_C;PZ;G942;POTENZA;25;5;20;16;1575,5;42069,345;0,001
2018;AGE_C;RA;H199;RAVENNA;2692;88;2604;1698;131770,5;9534374,134;0,038
2018;AGE_C;RC;H224;REGGIO DI CALABRIA;1215;66;1149;961;102744;3811900;0,020
2018;AGE_C;RE;H223;REGGIO NELL`EMILIA;3119;207;2912;1925;158341;9591153,919;0,057
2018;AGE_C;RG;H163;RAGUSA;513;53;460;361;37447,5;1326512,577;0,015
2018;AGE_C;RI;H282;RIETI;320;17;303;183;19237,5;861517,924;0,016
2018;AGE_C;RM;H501;ROMA;34505;3034;31471;25352;2124183;248535851,6;0,046
2018;AGE_C;RN;H294;RIMINI;2518;282;2236;1514;129116,5;9925654,583;0,043
2018;AGE_C;RO;H620;ROVIGO;1247;59;1188;652;46408,5;2886516,973;0,064
2018;AGE_C;SA;H703;SALERNO;835;36;799;745;78480,5;5354440,03;0,031
2018;AGE_C;SI;I726;SIENA;560;66;494;404;36993;2994174,06;0,028
2018;AGE_C;SO;I829;SONDRIO;104;10;94;76;5613,5;299647,112;0,011
2018;AGE_C;SP;E463;LA SPEZIA;1508;24;1484;1397;110448,5;8060871,898;0,061
2018;AGE_C;SR;I754;SIRACUSA;491;16;475;428;48972,5;2118151,998;0,016
2018;AGE_C;SS;I452;SASSARI;937;107;830;705;64052,5;3510740,296;0,030
2018;AGE_C;SV;I480;SAVONA;814;11;803;740;62750;4302202,241;0,047
2018;AGE_C;TA;L049;TARANTO;1380;24;1356;1272;119925,5;5776846,681;0,034
2018;AGE_C;TE;L103;TERAMO;635;90;545;472;47559,5;2127717,881;0,045
2018;AGE_C;TN;L378;TRENTO;1293;216;1077;735;65057;4927885,324;0,025
2018;AGE_C;TO;L219;TORINO;10465;355;10110;9366;708667;48077963,03;0,042
2018;AGE_C;TP;L331;TRAPANI;181;15;166;148;15825,5;590188,921;0,008
2018;AGE_C;TR;L117;TERNI;2160;71;2089;1702;144843;6833354,328;0,072
2018;AGE_C;TS;L424;TRIESTE;2883;184;2699;2138;159709;11323955,42;0,042
2018;AGE_C;TV;L407;TREVISO;1577;57;1520;908;79527,5;5800007,139;0,053
2018;AGE_C;UD;L483;UDINE;2647;147;2500;1595;130977;8195252,129;0,067
2018;AGE_C;VA;L682;VARESE;670;35;635;425;35467;2403671,337;0,021
2018;AGE_C;VB;L746;VERBANIA;63;3;60;51;4009;241918,879;0,006
2018;AGE_C;VC;L750;VERCELLI;337;4;333;273;24088,5;1161300,487;0,022
2018;AGE_C;VE;L736;VENEZIA;2248;106;2142;1546;133818;10845095,35;0,027
2018;AGE_C;VI;L840;VICENZA;2444;253;2191;1326;108152,5;6385690,77;0,051
2018;AGE_C;VR;L781;VERONA;6416;285;6131;4101;354024;26870911,83;0,068
2018;AGE_C;VT;M082;VITERBO;1013;39;974;759;68791;3541535,596;0,047
2018;AGE_S;AG;A089;AGRIGENTO;40;5;35;30;2700,5;98322,571;0,002
2018;AGE_S;AL;A182;ALESSANDRIA;258;47;211;198;13430;825138,116;0,008
2018;AGE_S;AN;A271;ANCONA;1394;262;1132;1043;104663,5;7038257,451;0,051
2018;AGE_S;AO;A326;AOSTA;14;6;8;8;699;47520;0,001
2018;AGE_S;AP;A462;ASCOLI PICENO;249;144;105;98;9816;501953,775;0,010
2018;AGE_S;AQ;A345;L`AQUILA;3390;1350;2040;1566;170177,5;7647138,071;0,051
2018;AGE_S;AR;A390;AREZZO;142;67;75;57;4945;346784,925;0,003
2018;AGE_S;AT;A479;ASTI;113;19;94;83;4926,5;297479,713;0,004
2018;AGE_S;AV;A509;AVELLINO;75;24;51;41;4430;201013,325;0,004
2018;AGE_S;BA;A662;BARI;2977;2127;850;747;78322;4077828,095;0,011
2018;AGE_S;BG;A794;BERGAMO;334;221;113;83;6866,5;498965,787;0,003
2018;AGE_S;BI;A859;BIELLA;49;2;47;37;2578;148059,392;0,003
2018;AGE_S;BL;A757;BELLUNO;25;2;23;18;1316;87454,114;0,002
2018;AGE_S;BN;A783;BENEVENTO;138;74;64;55;5338;230326,889;0,005
2018;AGE_S;BO;A944;BOLOGNA;2497;1575;922;820;76094;6728684,506;0,008
2018;AGE_S;BR;B180;BRINDISI;27;4;23;18;1954;102536,89;0,001
2018;AGE_S;BS;B157;BRESCIA;343;197;146;109;10104;640330,375;0,002
2018;AGE_S;BZ;A952;BOLZANO;270;139;131;104;10498;882558,883;0,004
2018;AGE_S;CA;B354;CAGLIARI;1884;1350;534;402;43002;2794636,685;0,014
2018;AGE_S;CB;B519;CAMPOBASSO;382;218;164;143;15737;499102,825;0,014
2018;AGE_S;CE;B963;CASERTA;207;54;153;121;11056;629044,777;0,007
2018;AGE_S;CH;C632;CHIETI;2814;1552;1262;1131;108594;7006962,182;0,100
2018;AGE_S;CL;B429;CALTANISSETTA;107;41;66;63;6800;225520;0,003
2018;AGE_S;CN;D205;CUNEO;10;0;10;8;523;33249,912;0,001
2018;AGE_S;CO;C933;COMO;74;38;36;29;2667;207016,507;0,001
2018;AGE_S;CR;D150;CREMONA;149;13;136;125;8468;574513,921;0,006
2018;AGE_S;CS;D086;COSENZA;83;23;60;55;5512;228223,128;0,004
2018;AGE_S;CT;C351;CATANIA;2606;1904;702;603;62440,5;3051944,387;0,008
2018;AGE_S;CZ;C352;CATANZARO;387;253;134;127;11686;649095,4;0,007
2018;AGE_S;EN;C342;ENNA;1123;1069;54;54;5793,5;213420;0,006
2018;AGE_S;FE;D548;FERRARA;2493;632;1861;1611;133854,5;10270494,56;0,052
2018;AGE_S;FG;D643;FOGGIA;202;138;64;56;6410;291442,323;0,002
2018;AGE_S;FI;D612;FIRENZE;2467;1138;1329;1248;115095,5;11685880,07;0,015
2018;AGE_S;FO;D704;FORLI;1342;851;491;374;37694,5;1996917,839;0,017
2018;AGE_S;FR;D810;FROSINONE;93;23;70;66;5950;371873,077;0,007
2018;AGE_S;GE;D969;GENOVA;1708;559;1149;902;77445,5;6437938,958;0,007
2018;AGE_S;GO;E098;GORIZIA;246;113;133;27;2144;89904,056;0,003
2018;AGE_S;GR;E202;GROSSETO;45;8;37;33;2555;178969,216;0,002
2018;AGE_S;IM;E290;IMPERIA;43;5;38;28;1781;132135,977;0,002
2018;AGE_S;IS;E335;ISERNIA;185;69;116;99;8542,5;362261,323;0,021
2018;AGE_S;KR;D122;CROTONE;14;2;12;11;1295;65397,664;0,001
2018;AGE_S;LC;E507;LECCO;149;33;116;87;7069,5;508588,545;0,008
2018;AGE_S;LE;E506;LECCE;670;394;276;244;25264,5;1220212,604;0,010
2018;AGE_S;LI;E625;LIVORNO;20;2;18;17;1513,5;105081,36;0,001
2018;AGE_S;LO;E648;LODI;15;5;10;10;610;53572,8;0,001
2018;AGE_S;LT;E472;LATINA;224;125;99;74;6260,5;429353,36;0,003
2018;AGE_S;LU;E715;LUCCA;71;8;63;53;5358,5;364256,344;0,003
2018;AGE_S;MC;E783;MACERATA;975;337;638;603;55024;3573060,261;0,065
2018;AGE_S;ME;F158;MESSINA;930;609;321;309;30472,5;1735208,84;0,005
2018;AGE_S;MI;F205;MILANO;1945;1075;870;821;59759,5;6597829,926;0,002
2018;AGE_S;MN;E897;MANTOVA;95;22;73;63;4628;287247,382;0,004
2018;AGE_S;MO;F257;MODENA;648;313;335;248;22320,5;1597175,301;0,006
2018;AGE_S;MS;F023;MASSA;41;6;35;31;2784;201369,342;0,002
2018;AGE_S;MT;F052;MATERA;352;254;98;74;7169,5;321072,857;0,007
2018;AGE_S;NA;F839;NAPOLI;1107;687;420;388;35725,5;3114161,632;0,002
2018;AGE_S;NO;F952;NOVARA;316;130;186;159;12860,5;873502,4;0,007
2018;AGE_S;NU;F979;NUORO;17;9;8;8;735;25284;0,001
2018;AGE_S;OR;G113;ORISTANO;63;42;21;15;1566;72192;0,002
2018;AGE_S;PA;G273;PALERMO;1452;786;666;619;64992;3287968,338;0,004
2018;AGE_S;PC;G535;PIACENZA;401;74;327;295;22557;1506544,86;0,011
2018;AGE_S;PD;G224;PADOVA;3494;1099;2395;1723;158805,5;13026267,88;0,038
2018;AGE_S;PE;G482;PESCARA;2350;1432;918;830;82874,5;4954155,109;0,031
2018;AGE_S;PG;G478;PERUGIA;1610;364;1246;1137;101359,5;6506908,539;0,032
2018;AGE_S;PI;G702;PISA;445;167;278;250;24984;1925830,952;0,009
2018;AGE_S;PN;G888;PORDENONE;154;43;111;68;5842;400028,736;0,006
2018;AGE_S;PO;G999;PRATO;88;29;59;45;3619,5;301999,363;0,002
2018;AGE_S;PR;G337;PARMA;1037;494;543;472;39108;2771479,89;0,010
2018;AGE_S;PS;G479;PESARO;189;31;158;136;11989,5;927541,308;0,008
2018;AGE_S;PT;G713;PISTOIA;61;15;46;39;3601,5;240378,083;0,002
2018;AGE_S;PV;G388;PAVIA;2448;720;1728;1470;103488;9628643,799;0,061
2018;AGE_S;PZ;G942;POTENZA;33;11;22;18;1935;77912;0,001
2018;AGE_S;RA;H199;RAVENNA;347;88;259;197;17475;1163538,314;0,004
2018;AGE_S;RC;H224;REGGIO DI CALABRIA;359;131;228;199;20629;857770,867;0,004
2018;AGE_S;RE;H223;REGGIO NELL`EMILIA;659;357;302;240;26470;1465222,049;0,007
2018;AGE_S;RG;H163;RAGUSA;70;37;33;29;2288,5;91623,665;0,001
2018;AGE_S;RI;H282;RIETI;133;60;73;34;3436,5;146650,083;0,003
2018;AGE_S;RM;H501;ROMA;14730;9231;5499;4995;418961,5;52221383,48;0,009
2018;AGE_S;RN;H294;RIMINI;712;416;296;256;25308;1791309,462;0,007
2018;AGE_S;RO;H620;ROVIGO;96;50;46;26;1936;120325,221;0,003
2018;AGE_S;SA;H703;SALERNO;167;82;85;78;8097,5;517627,652;0,003
2018;AGE_S;SI;I726;SIENA;1414;655;759;696;70706,5;6165849,926;0,049
2018;AGE_S;SO;I829;SONDRIO;5;0;5;4;220;17399,077;0,001
2018;AGE_S;SP;E463;LA SPEZIA;111;9;102;98;7561,5;630851,42;0,004
2018;AGE_S;SR;I754;SIRACUSA;120;22;98;94;8767,5;518043,429;0,004
2018;AGE_S;SS;I452;SASSARI;1610;1263;347;320;31232,5;1541899,867;0,014
2018;AGE_S;SV;I480;SAVONA;87;11;76;71;5211;466847,009;0,005
2018;AGE_S;TA;L049;TARANTO;122;54;68;66;6679;339108,518;0,002
2018;AGE_S;TE;L103;TERAMO;831;491;340;315;37563;1705554,094;0,030
2018;AGE_S;TN;L378;TRENTO;650;338;312;254;26128;2100974,973;0,009
2018;AGE_S;TO;L219;TORINO;4947;1575;3372;3221;251763;19426651,34;0,014
2018;AGE_S;TP;L331;TRAPANI;14;6;8;8;822;25068;0,000
2018;AGE_S;TR;L117;TERNI;232;74;158;141;12469;604178,788;0,006
2018;AGE_S;TS;L424;TRIESTE;2340;1062;1278;985;83293,5;6539442,477;0,019
2018;AGE_S;TV;L407;TREVISO;203;104;99;66;5883;416802,502;0,004
2018;AGE_S;UD;L483;UDINE;1086;536;550;421;40226;2452537,152;0,018
2018;AGE_S;VA;L682;VARESE;173;73;100;72;5580;416939,259;0,003
2018;AGE_S;VB;L746;VERBANIA;3;0;3;3;204;16680;0,000
2018;AGE_S;VC;L750;VERCELLI;13;0;13;13;893;52440;0,001
2018;AGE_S;VE;L736;VENEZIA;1281;473;808;692;65309,5;6296223,324;0,012
2018;AGE_S;VI;L840;VICENZA;98;40;58;35;2964;176283,132;0,001
2018;AGE_S;VR;L781;VERONA;1858;695;1163;955;84448,5;7073388,245;0,016
2018;AGE_S;VT;M082;VITERBO;493;183;310;262;25762;1329002,005;0,016
2018;ORD_L;AG;A089;AGRIGENTO;297;9;288;256;27439;981204,32;0,013
2018;ORD_L;AL;A182;ALESSANDRIA;1121;83;1038;841;67342,5;3131831,582;0,034
2018;ORD_L;AN;A271;ANCONA;727;63;664;547;43004;2719705,643;0,027
2018;ORD_L;AO;A326;AOSTA;928;53;875;729;54265;3558507,053;0,070
2018;ORD_L;AP;A462;ASCOLI PICENO;175;8;167;142;14055;614352,497;0,014
2018;ORD_L;AQ;A345;L`AQUILA;537;19;518;157;15971,5;688275,701;0,005
2018;ORD_L;AR;A390;AREZZO;454;29;425;279;23310,5;1279261,603;0,015
2018;ORD_L;AT;A479;ASTI;630;27;603;458;34949;1586503,773;0,022
2018;ORD_L;AV;A509;AVELLINO;408;25;383;278;31399,5;1335077,743;0,025
2018;ORD_L;BA;A662;BARI;3070;271;2799;2173;171302,5;12300823,29;0,033
2018;ORD_L;BG;A794;BERGAMO;2662;142;2520;1717;134761,5;11134898,53;0,057
2018;ORD_L;BI;A859;BIELLA;980;37;943;736;60512;2631260,225;0,053
2018;ORD_L;BL;A757;BELLUNO;251;29;222;140;11844,5;629793,567;0,014
2018;ORD_L;BN;A783;BENEVENTO;447;24;423;351;37251,5;1567332,832;0,030
2018;ORD_L;BO;A944;BOLOGNA;8871;1634;7237;6410;458407,5;54185384,72;0,062
2018;ORD_L;BR;B180;BRINDISI;475;17;458;401;40161,5;1931636,339;0,025
2018;ORD_L;BS;B157;BRESCIA;4969;315;4654;3494;269815,5;19396809,68;0,074
2018;ORD_L;BZ;A952;BOLZANO;572;140;432;302;28416;2820916,648;0,012
2018;ORD_L;CA;B354;CAGLIARI;3171;210;2961;797;72026,5;5747363,779;0,028
2018;ORD_L;CB;B519;CAMPOBASSO;384;30;354;241;24525,5;1089196,414;0,024
2018;ORD_L;CE;B963;CASERTA;850;52;798;578;67765;2753985,685;0,031
2018;ORD_L;CH;C632;CHIETI;105;6;99;79;8055;365606,323;0,007
2018;ORD_L;CL;B429;CALTANISSETTA;549;17;532;459;45609,5;1516575,219;0,025
2018;ORD_L;CN;D205;CUNEO;1141;73;1068;800;65693;3681112,133;0,051
2018;ORD_L;CO;C933;COMO;2247;136;2111;1551;120704;11826287,27;0,071
2018;ORD_L;CR;D150;CREMONA;1161;33;1128;858;65564;3767106,105;0,045
2018;ORD_L;CS;D086;COSENZA;489;25;464;369;37566;1542034,091;0,024
2018;ORD_L;CT;C351;CATANIA;2347;157;2190;1814;166856;8317722,735;0,024
2018;ORD_L;CZ;C352;CATANZARO;809;41;768;621;55415,5;2621897,196;0,032
2018;ORD_L;EN;C342;ENNA;76;2;74;48;5057;167276,908;0,006
2018;ORD_L;FE;D548;FERRARA;1224;122;1102;798;67258;4723504,309;0,026
2018;ORD_L;FG;D643;FOGGIA;1188;39;1149;918;74449,5;3612242,455;0,036
2018;ORD_L;FI;D612;FIRENZE;5687;787;4900;4430;357819,5;45772455,25;0,053
2018;ORD_L;FO;D704;FORLI;1026;99;927;681;51284,5;3415442,692;0,030
2018;ORD_L;FR;D810;FROSINONE;353;26;327;286;28671;1485063,098;0,031
2018;ORD_L;GE;D969;GENOVA;2767;134;2633;1961;156276;10726261,89;0,016
2018;ORD_L;GO;E098;GORIZIA;126;12;114;14;1230;82478,437;0,002
2018;ORD_L;GR;E202;GROSSETO;296;21;275;219;16793,5;998153,211;0,011
2018;ORD_L;IM;E290;IMPERIA;166;6;160;110;9897;613869,131;0,007
2018;ORD_L;IS;E335;ISERNIA;112;7;105;77;8216,5;284610,199;0,016
2018;ORD_L;KR;D122;CROTONE;203;2;201;159;16220,5;718115,931;0,014
2018;ORD_L;LC;E507;LECCO;707;49;658;411;33027,5;2371685,455;0,036
2018;ORD_L;LE;E506;LECCE;1147;105;1042;872;85071;4404000,214;0,036
2018;ORD_L;LI;E625;LIVORNO;1920;54;1866;1390;107763;7929105,481;0,052
2018;ORD_L;LO;E648;LODI;1184;31;1153;885;62321,5;4928599,681;0,084
2018;ORD_L;LT;E472;LATINA;1233;74;1159;856;69145;4816045,291;0,037
2018;ORD_L;LU;E715;LUCCA;1261;68;1193;903;80509;5946491,368;0,046
2018;ORD_L;MC;E783;MACERATA;327;29;298;221;18114,5;971744,3;0,024
2018;ORD_L;ME;F158;MESSINA;1156;65;1091;975;88734;4289413,169;0,017
2018;ORD_L;MI;F205;MILANO;48889;6777;42112;35669;2469477,5;365909861,5;0,095
2018;ORD_L;MN;E897;MANTOVA;1372;164;1208;943;81932;4467110,023;0,061
2018;ORD_L;MO;F257;MODENA;2327;963;1364;920;89288;7496588,275;0,022
2018;ORD_L;MS;F023;MASSA;277;18;259;206;19147;1200702,483;0,011
2018;ORD_L;MT;F052;MATERA;191;18;173;132;13290,5;762049,42;0,013
2018;ORD_L;NA;F839;NAPOLI;11072;406;10666;9685;767277,5;56844700,89;0,044
2018;ORD_L;NO;F952;NOVARA;2163;81;2082;1613;120877;7005326,518;0,070
2018;ORD_L;NU;F979;NUORO;284;11;273;232;21514,5;1077054,915;0,036
2018;ORD_L;OR;G113;ORISTANO;239;13;226;56;4288,5;276046,441;0,009
2018;ORD_L;PA;G273;PALERMO;6437;340;6097;5699;518605;28764153,59;0,037
2018;ORD_L;PC;G535;PIACENZA;2126;115;2011;1533;113923;7290245,174;0,060
2018;ORD_L;PD;G224;PADOVA;2884;340;2544;1684;135098;11197497,27;0,037
2018;ORD_L;PE;G482;PESCARA;680;38;642;483;47687,5;3019732,14;0,018
2018;ORD_L;PG;G478;PERUGIA;1743;222;1521;1182;94843,5;5643099,884;0,034
2018;ORD_L;PI;G702;PISA;4778;2020;2758;2478;196551;18659268,65;0,091
2018;ORD_L;PN;G888;PORDENONE;850;64;786;453;41918,5;2721731,694;0,043
2018;ORD_L;PO;G999;PRATO;2650;108;2542;1959;179867,5;16269056,75;0,076
2018;ORD_L;PR;G337;PARMA;6284;533;5751;4391;330037,5;28117358,72;0,092
2018;ORD_L;PS;G479;PESARO;445;46;399;308;27055;1860658,051;0,017
2018;ORD_L;PT;G713;PISTOIA;452;71;381;308;28289;1584504,677;0,017
2018;ORD_L;PV;G388;PAVIA;1049;70;979;671;46460,5;3624905,874;0,028
2018;ORD_L;PZ;G942;POTENZA;587;47;540;436;39524;1875777,017;0,036
2018;ORD_L;RA;H199;RAVENNA;1162;115;1047;672;53559,5;3716745,676;0,015
2018;ORD_L;RC;H224;REGGIO DI CALABRIA;848;40;808;516;53537,5;2129452,866;0,011
2018;ORD_L;RE;H223;REGGIO NELL`EMILIA;2399;207;2192;1580;113016;7845644,49;0,046
2018;ORD_L;RG;H163;RAGUSA;457;37;420;255;22381;877304,792;0,010
2018;ORD_L;RI;H282;RIETI;359;48;311;165;14325,5;735444,407;0,014
2018;ORD_L;RM;H501;ROMA;30331;3585;26746;21465;1717654;212733949,1;0,039
2018;ORD_L;RN;H294;RIMINI;1626;191;1435;1019;79120;6213597,123;0,029
2018;ORD_L;RO;H620;ROVIGO;439;22;417;195;15388;823505,589;0,019
2018;ORD_L;SA;H703;SALERNO;824;51;773;709;67971;4918274,506;0,030
2018;ORD_L;SI;I726;SIENA;1120;262;858;727;64415;5632252,322;0,051
2018;ORD_L;SO;I829;SONDRIO;698;38;660;472;34062;2070932,026;0,068
2018;ORD_L;SP;E463;LA SPEZIA;555;24;531;480;35808,5;2421525,72;0,021
2018;ORD_L;SR;I754;SIRACUSA;572;25;547;464;47859;2162953,622;0,017
2018;ORD_L;SS;I452;SASSARI;795;78;717;587;46209,5;2821586,828;0,025
2018;ORD_L;SV;I480;SAVONA;543;12;531;469;38916;2667954,627;0,030
2018;ORD_L;TA;L049;TARANTO;980;23;957;831;74151,5;3498935,351;0,022
2018;ORD_L;TE;L103;TERAMO;151;14;137;107;10927,5;461713,614;0,010
2018;ORD_L;TN;L378;TRENTO;4197;988;3209;2093;180402,5;13919847,17;0,071
2018;ORD_L;TO;L219;TORINO;16592;1408;15184;14028;935927;81545117,58;0,063
2018;ORD_L;TP;L331;TRAPANI;671;32;639;570;57120,5;2258276,632;0,030
2018;ORD_L;TR;L117;TERNI;688;47;641;532;42970;2182072,23;0,022
2018;ORD_L;TS;L424;TRIESTE;1362;100;1262;891;64816,5;5017626,421;0,018
2018;ORD_L;TV;L407;TREVISO;1282;89;1193;650;60016;4485810,669;0,038
2018;ORD_L;UD;L483;UDINE;1063;82;981;664;51581;3551688,605;0,028
2018;ORD_L;VA;L682;VARESE;2051;123;1928;1288;104640,5;8293632,54;0,062
2018;ORD_L;VB;L746;VERBANIA;771;40;731;537;43487;2709747,364;0,059
2018;ORD_L;VC;L750;VERCELLI;1208;29;1179;980;78511;2847073,243;0,078
2018;ORD_L;VE;L736;VENEZIA;2242;219;2023;1549;137124,5;16639380,95;0,027
2018;ORD_L;VI;L840;VICENZA;2882;281;2601;1550;144511,5;11499242,52;0,059
2018;ORD_L;VR;L781;VERONA;2873;188;2685;1857;151735;11290072,05;0,031
2018;ORD_L;VT;M082;VITERBO;777;39;738;522;44177,5;2309621,883;0,033
2018;ORD_L;VV;F537;VIBO VALENTIA;299;17;282;160;17844;605677,95;0,019
2018;ORD_T;AG;A089;AGRIGENTO;296;44;252;221;21103,5;859725,234;0,011
2018;ORD_T;AL;A182;ALESSANDRIA;1141;150;991;870;60984,5;3497259,527;0,035
2018;ORD_T;AN;A271;ANCONA;1073;373;700;619;54229;3500243,635;0,030
2018;ORD_T;AO;A326;AOSTA;419;48;371;334;23640,5;1358716,532;0,032
2018;ORD_T;AP;A462;ASCOLI PICENO;506;126;380;349;32027;1669368,801;0,035
2018;ORD_T;AQ;A345;L`AQUILA;1273;361;912;673;68173;3351689,101;0,022
2018;ORD_T;AR;A390;AREZZO;417;80;337;226;20700;1445937,82;0,012
2018;ORD_T;AT;A479;ASTI;313;59;254;193;11793,5;786494,813;0,009
2018;ORD_T;AV;A509;AVELLINO;270;52;218;181;16444,5;956994,689;0,016
2018;ORD_T;BA;A662;BARI;5385;2865;2520;2155;193332;11236670,99;0,032
2018;ORD_T;BG;A794;BERGAMO;1376;535;841;641;46044;3810369,497;0,021
2018;ORD_T;BI;A859;BIELLA;472;106;366;302;19819,5;1200670,194;0,022
2018;ORD_T;BL;A757;BELLUNO;142;24;118;90;6923,5;452543,94;0,009
2018;ORD_T;BN;A783;BENEVENTO;585;297;288;250;25201,5;982498,805;0,021
2018;ORD_T;BO;A944;BOLOGNA;3634;1806;1828;1646;130691;13876142,48;0,016
2018;ORD_T;BR;B180;BRINDISI;811;150;661;572;54937;3052655,424;0,035
2018;ORD_T;BS;B157;BRESCIA;1473;538;935;728;54604;4027602,785;0,015
2018;ORD_T;BZ;A952;BOLZANO;904;211;693;353;33507,5;1370537,071;0,014
2018;ORD_T;CA;B354;CAGLIARI;4379;2531;1848;1084;98894;7099758,042;0,039
2018;ORD_T;CB;B519;CAMPOBASSO;1386;504;882;772;76867;3121814,052;0,076
2018;ORD_T;CE;B963;CASERTA;641;140;501;393;34074,5;1838532,834;0,021
2018;ORD_T;CH;C632;CHIETI;944;417;527;462;43580;2307012,611;0,041
2018;ORD_T;CL;B429;CALTANISSETTA;630;166;464;430;34061,5;1308963,148;0,023
2018;ORD_T;CN;D205;CUNEO;492;49;443;397;26585;1919699,485;0,025
2018;ORD_T;CO;C933;COMO;1109;389;720;571;44147;5149375,461;0,026
2018;ORD_T;CR;D150;CREMONA;359;58;301;265;18239,5;1302943,537;0,014
2018;ORD_T;CS;D086;COSENZA;494;74;420;391;34611;1638563,567;0,026
2018;ORD_T;CT;C351;CATANIA;3487;2008;1479;1239;114411;5942869,911;0,016
2018;ORD_T;CZ;C352;CATANZARO;1439;865;574;538;46654;2489984,544;0,028
2018;ORD_T;EN;C342;ENNA;404;321;83;62;5815,5;263186,406;0,007
2018;ORD_T;FE;D548;FERRARA;2030;783;1247;1064;83332;6022126,851;0,035
2018;ORD_T;FG;D643;FOGGIA;1259;517;742;634;52523;2782969,815;0,025
2018;ORD_T;FI;D612;FIRENZE;10761;3770;6991;6578;584986;93014952,31;0,078
2018;ORD_T;FO;D704;FORLI;1367;709;658;537;45173;2571035,383;0,024
2018;ORD_T;FR;D810;FROSINONE;639;190;449;396;34153;2066293,162;0,043
2018;ORD_T;GE;D969;GENOVA;3852;988;2864;2091;170532,5;17049641,47;0,017
2018;ORD_T;GO;E098;GORIZIA;307;82;225;79;7296;140706,176;0,010
2018;ORD_T;GR;E202;GROSSETO;302;59;243;215;15649,5;1494181,041;0,011
2018;ORD_T;IM;E290;IMPERIA;258;29;229;177;12065,5;993467,444;0,011
2018;ORD_T;IS;E335;ISERNIA;271;63;208;188;15650,5;707368,592;0,039
2018;ORD_T;KR;D122;CROTONE;191;9;182;141;13182,5;617622,285;0,013
2018;ORD_T;LC;E507;LECCO;456;124;332;222;16462,5;1274595,847;0,019
2018;ORD_T;LE;E506;LECCE;3394;1678;1716;1438;144473;6940974,719;0,060
2018;ORD_T;LI;E625;LIVORNO;1006;135;871;746;59925,5;5218991,364;0,028
2018;ORD_T;LO;E648;LODI;267;85;182;159;10194,5;856141,654;0,015
2018;ORD_T;LT;E472;LATINA;849;276;573;423;35068;2433387,431;0,019
2018;ORD_T;LU;E715;LUCCA;654;168;486;394;37481,5;3020868,043;0,020
2018;ORD_T;MC;E783;MACERATA;1351;487;864;778;66110,5;3927551,665;0,084
2018;ORD_T;ME;F158;MESSINA;1498;644;854;796;74776;4038644,162;0,014
2018;ORD_T;MI;F205;MILANO;23391;8693;14698;13764;963845;134948223;0,037
2018;ORD_T;MN;E897;MANTOVA;949;261;688;609;45250;3061548,615;0,039
2018;ORD_T;MO;F257;MODENA;878;583;295;219;21574;1504923,654;0,005
2018;ORD_T;MS;F023;MASSA;416;38;378;309;29229;3605072,615;0,017
2018;ORD_T;MT;F052;MATERA;396;171;225;178;17863,5;1207021,19;0,017
2018;ORD_T;NA;F839;NAPOLI;4251;1718;2533;2088;173997;12984551,81;0,010
2018;ORD_T;NO;F952;NOVARA;1100;379;721;615;41614,5;2922390,801;0,027
2018;ORD_T;NU;F979;NUORO;205;59;146;131;11766;590170,667;0,020
2018;ORD_T;OR;G113;ORISTANO;348;140;208;58;4858,5;287011,442;0,009
2018;ORD_T;PA;G273;PALERMO;4288;1657;2631;2434;217582,5;12972283,33;0,016
2018;ORD_T;PC;G535;PIACENZA;985;222;763;652;47072,5;3451508,09;0,025
2018;ORD_T;PD;G224;PADOVA;2633;1158;1475;1002;84798;6868443,953;0,022
2018;ORD_T;PE;G482;PESCARA;2087;940;1147;1020;98721;5775190,475;0,038
2018;ORD_T;PG;G478;PERUGIA;2878;1032;1846;1667;127015;7969082,075;0,048
2018;ORD_T;PI;G702;PISA;2203;1114;1089;950;85116,5;7569940,181;0,035
2018;ORD_T;PN;G888;PORDENONE;367;46;321;228;19004,5;1008951,391;0,022
2018;ORD_T;PO;G999;PRATO;577;151;426;331;28472,5;2353143,066;0,013
2018;ORD_T;PR;G337;PARMA;2029;843;1186;932;69013;5386445,093;0,019
2018;ORD_T;PS;G479;PESARO;490;117;373;311;27275;2820549,316;0,017
2018;ORD_T;PT;G713;PISTOIA;311;58;253;231;20566;1379619,217;0,013
2018;ORD_T;PV;G388;PAVIA;1091;329;762;563;36394,5;3275651,769;0,023
2018;ORD_T;PZ;G942;POTENZA;829;362;467;415;38723,5;1700872,151;0,034
2018;ORD_T;RA;H199;RAVENNA;1451;216;1235;977;67676,5;8773983,49;0,022
2018;ORD_T;RC;H224;REGGIO DI CALABRIA;745;232;513;401;38840,5;1606866,809;0,008
2018;ORD_T;RE;H223;REGGIO NELL`EMILIA;1142;384;758;634;48554,5;2965762,485;0,019
2018;ORD_T;RG;H163;RAGUSA;869;203;666;440;35822;1628095,848;0,018
2018;ORD_T;RI;H282;RIETI;259;74;185;111;8855,5;483241,559;0,009
2018;ORD_T;RM;H501;ROMA;25755;13639;12116;10715;848703,5;110333590,7;0,019
2018;ORD_T;RN;H294;RIMINI;1282;519;763;631;50207;4683420,585;0,018
2018;ORD_T;RO;H620;ROVIGO;167;44;123;67;4519;323880,445;0,007
2018;ORD_T;SA;H703;SALERNO;723;287;436;398;37630;2390825,661;0,017
2018;ORD_T;SI;I726;SIENA;3024;1539;1485;1344;125748;10625835,97;0,095
2018;ORD_T;SO;I829;SONDRIO;258;31;227;176;12135,5;1101671,101;0,026
2018;ORD_T;SP;E463;LA SPEZIA;592;45;547;509;36685,5;3113610,913;0,022
2018;ORD_T;SR;I754;SIRACUSA;774;75;699;606;50909;3100274,102;0,023
2018;ORD_T;SS;I452;SASSARI;1587;864;723;611;52596;2937243,246;0,026
2018;ORD_T;SV;I480;SAVONA;361;25;336;312;22837;1891175,634;0,020
2018;ORD_T;TA;L049;TARANTO;604;86;518;475;37512,5;2364005,263;0,013
2018;ORD_T;TE;L103;TERAMO;382;149;233;208;22126;922804,794;0,020
2018;ORD_T;TN;L378;TRENTO;2962;1773;1189;912;88274,5;6283407,198;0,031
2018;ORD_T;TO;L219;TORINO;11504;3874;7630;6998;469351;41692511,7;0,031
2018;ORD_T;TP;L331;TRAPANI;488;63;425;402;31423;1895184,27;0,021
2018;ORD_T;TR;L117;TERNI;740;121;619;551;44121,5;2376644,246;0,023
2018;ORD_T;TS;L424;TRIESTE;2034;578;1456;1069;81409,5;5729172,106;0,021
2018;ORD_T;TV;L407;TREVISO;617;199;418;226;18893;1294787,656;0,013
2018;ORD_T;UD;L483;UDINE;1214;362;852;615;55545;3351041,085;0,026
2018;ORD_T;VA;L682;VARESE;561;146;415;278;20161,5;1543058,468;0,013
2018;ORD_T;VB;L746;VERBANIA;568;52;516;437;29325,5;2378256,017;0,048
2018;ORD_T;VC;L750;VERCELLI;519;28;491;443;28624;1825170,604;0,035
2018;ORD_T;VE;L736;VENEZIA;4529;1088;3441;2943;256688,5;33648394,43;0,050
2018;ORD_T;VI;L840;VICENZA;577;184;393;302;25216;1578246,609;0,012
2018;ORD_T;VR;L781;VERONA;2375;907;1468;1174;92836;8546088,312;0,019
2018;ORD_T;VT;M082;VITERBO;1101;364;737;662;51819;3017711,218;0,041
2018;ORD_T;VV;F537;VIBO VALENTIA;173;22;151;122;11343;467778,724;0,015
2019;AGE_C;AG;A089;AGRIGENTO;325;29;296;275;28527;1016527,616;0,014
2019;AGE_C;AL;A182;ALESSANDRIA;1799;69;1730;1442;119242;5815943,634;0,058
2019;AGE_C;AN;A271;ANCONA;1766;122;1644;1451;120379;8041347,044;0,070
2019;AGE_C;AO;A326;AOSTA;203;5;198;144;13070,5;832329,035;0,014
2019;AGE_C;AP;A462;ASCOLI PICENO;478;66;412;362;32383;1748443,964;0,036
2019;AGE_C;AQ;A345;L`AQUILA;839;100;739;503;47750;2339135,087;0,016
2019;AGE_C;AR;A390;AREZZO;2038;96;1942;1273;108549,5;6761703,638;0,067
2019;AGE_C;AT;A479;ASTI;1736;20;1716;1249;98126,5;5129606,091;0,062
2019;AGE_C;AV;A509;AVELLINO;414;15;399;304;33534;1447357,145;0,027
2019;AGE_C;BA;A662;BARI;1625;171;1454;1100;104108;6470634,708;0,017
2019;AGE_C;BG;A794;BERGAMO;1667;90;1577;1056;87833;6629474,399;0,035
2019;AGE_C;BI;A859;BIELLA;623;21;602;438;36843;1774074,653;0,032
2019;AGE_C;BL;A757;BELLUNO;824;51;773;520;45451;2614481,954;0,052
2019;AGE_C;BN;A783;BENEVENTO;218;15;203;182;20333;817567,192;0,015
2019;AGE_C;BO;A944;BOLOGNA;4645;325;4320;3529;283458;25092471,6;0,034
2019;AGE_C;BR;B180;BRINDISI;74;2;72;63;6984,5;310434,117;0,004
2019;AGE_C;BS;B157;BRESCIA;1713;87;1626;1161;103411;6218178,268;0,025
2019;AGE_C;BZ;A952;BOLZANO;1999;550;1449;1095;97872;9658415,776;0,044
2019;AGE_C;CA;B354;CAGLIARI;690;138;552;436;44188;3261080,592;0,016
2019;AGE_C;CB;B519;CAMPOBASSO;115;13;102;85;8975;373154,325;0,008
2019;AGE_C;CE;B963;CASERTA;922;43;879;597;68485;2970416,775;0,033
2019;AGE_C;CH;C632;CHIETI;513;56;457;416;40180,5;1809272,711;0,036
2019;AGE_C;CL;B429;CALTANISSETTA;182;24;158;148;15236;513135,906;0,008
2019;AGE_C;CN;D205;CUNEO;866;12;854;611;54273;2556782,629;0,039
2019;AGE_C;CO;C933;COMO;351;31;320;221;18785,5;1536988,689;0,010
2019;AGE_C;CR;D150;CREMONA;1507;38;1469;1153;90373,5;5409272,859;0,060
2019;AGE_C;CS;D086;COSENZA;357;30;327;305;32035,5;1334444,761;0,020
2019;AGE_C;CT;C351;CATANIA;2625;236;2389;2115;199218,5;10518738,63;0,028
2019;AGE_C;CZ;C352;CATANZARO;399;43;356;323;32043;1392458,92;0,017
2019;AGE_C;EN;C342;ENNA;239;34;205;198;20229,5;731817,999;0,023
2019;AGE_C;FE;D548;FERRARA;3333;95;3238;2317;186117,5;12595801,17;0,075
2019;AGE_C;FG;D643;FOGGIA;287;16;271;224;23044;980187,539;0,009
2019;AGE_C;FI;D612;FIRENZE;2372;226;2146;1854;166622;15769309,81;0,022
2019;AGE_C;FO;D704;FORLI;2091;159;1932;1265;113798,5;6722522,982;0,056
2019;AGE_C;FR;D810;FROSINONE;318;29;289;260;25936,5;1268801,202;0,028
2019;AGE_C;GE;D969;GENOVA;8795;171;8624;7334;605179;42326239,69;0,060
2019;AGE_C;GO;E098;GORIZIA;599;32;567;110;9120,5;521579,519;0,014
2019;AGE_C;GR;E202;GROSSETO;1418;85;1333;1002;76158,5;5758582,783;0,052
2019;AGE_C;IM;E290;IMPERIA;1209;44;1165;963;76317,5;5066613,72;0,061
2019;AGE_C;IS;E335;ISERNIA;73;2;71;62;6522,5;245882,582;0,013
2019;AGE_C;KR;D122;CROTONE;288;7;281;251;25828;1107856,868;0,022
2019;AGE_C;LC;E507;LECCO;615;28;587;427;34459;2473467,283;0,037
2019;AGE_C;LE;E506;LECCE;459;55;404;327;36235,5;1864933,456;0,014
2019;AGE_C;LI;E625;LIVORNO;634;16;618;510;50686,5;3256158,255;0,019
2019;AGE_C;LO;E648;LODI;168;8;160;129;10434,5;657991,778;0,012
2019;AGE_C;LT;E472;LATINA;1790;90;1700;1210;103083,5;6714183,296;0,053
2019;AGE_C;LU;E715;LUCCA;1014;45;969;716;73698;4779803,981;0,037
2019;AGE_C;MC;E783;MACERATA;561;36;525;418;37814;2057495,285;0,045
2019;AGE_C;ME;F158;MESSINA;1140;63;1077;1025;97987,5;4935630,525;0,018
2019;AGE_C;MI;F205;MILANO;2640;286;2354;2179;158246,5;15817821,69;0,006
2019;AGE_C;MN;E897;MANTOVA;477;16;461;384;32651,5;1852007,496;0,025
2019;AGE_C;MO;F257;MODENA;4578;1274;3304;2224;174917;12986257,71;0,053
2019;AGE_C;MS;F023;MASSA;709;62;647;560;51664;3602131,683;0,030
2019;AGE_C;MT;F052;MATERA;610;71;539;449;40259;2377325,675;0,043
2019;AGE_C;NA;F839;NAPOLI;4712;188;4524;4253;385639,5;32001985,02;0,019
2019;AGE_C;NO;F952;NOVARA;1427;48;1379;1060;81906;5081863,123;0,046
2019;AGE_C;NU;F979;NUORO;30;1;29;23;2415,5;107533,716;0,004
2019;AGE_C;OR;G113;ORISTANO;170;11;159;111;10633,5;532222,135;0,018
2019;AGE_C;PA;G273;PALERMO;6433;240;6193;5959;585523,5;32023979,89;0,039
2019;AGE_C;PC;G535;PIACENZA;1749;79;1670;1232;103659;6074629,338;0,048
2019;AGE_C;PD;G224;PADOVA;4704;360;4344;2783;230284,5;18466154,98;0,061
2019;AGE_C;PE;G482;PESCARA;1683;150;1533;1307;124872;7526219,992;0,049
2019;AGE_C;PG;G478;PERUGIA;3347;157;3190;2387;198679;10872037,9;0,068
2019;AGE_C;PI;G702;PISA;841;127;714;574;51553,5;4100929,523;0,021
2019;AGE_C;PN;G888;PORDENONE;1271;25;1246;694;53651;3480279,229;0,067
2019;AGE_C;PO;G999;PRATO;1184;76;1108;789;78146,5;5718386,569;0,030
2019;AGE_C;PR;G337;PARMA;1621;59;1562;1108;92717;5976757,952;0,023
2019;AGE_C;PS;G479;PESARO;1273;112;1161;866;77457;5144905,742;0,049
2019;AGE_C;PT;G713;PISTOIA;1231;120;1111;887;80725;5348506,053;0,049
2019;AGE_C;PV;G388;PAVIA;2003;121;1882;1512;103580;8709835,13;0,063
2019;AGE_C;PZ;G942;POTENZA;15;2;13;10;973,5;42835,097;0,001
2019;AGE_C;RA;H199;RAVENNA;2562;75;2487;1635;129634,5;9408519,139;0,036
2019;AGE_C;RC;H224;REGGIO DI CALABRIA;1436;95;1341;1132;118440;4445481,138;0,024
2019;AGE_C;RE;H223;REGGIO NELL`EMILIA;2986;264;2722;1785;146449;9207686,343;0,053
2019;AGE_C;RG;H163;RAGUSA;525;75;450;376;39154,5;1383625,911;0,015
2019;AGE_C;RI;H282;RIETI;270;26;244;139;14369;652414,286;0,012
2019;AGE_C;RM;H501;ROMA;38022;3811;34211;28145;2320689;281273769,3;0,051
2019;AGE_C;RN;H294;RIMINI;2784;272;2512;1724;145999;11500730,49;0,049
2019;AGE_C;RO;H620;ROVIGO;1450;46;1404;817;59210,5;3606728,913;0,080
2019;AGE_C;SA;H703;SALERNO;973;48;925;853;88437;6091335,605;0,036
2019;AGE_C;SI;I726;SIENA;499;71;428;349;33000,5;2647100,8;0,025
2019;AGE_C;SO;I829;SONDRIO;100;2;98;75;5777;300379,744;0,011
2019;AGE_C;SP;E463;LA SPEZIA;1719;28;1691;1619;125734;9206894,482;0,070
2019;AGE_C;SR;I754;SIRACUSA;546;20;526;477;52883,5;2324946,6;0,018
2019;AGE_C;SS;I452;SASSARI;1011;142;869;773;67246;3848967,331;0,033
2019;AGE_C;SV;I480;SAVONA;849;7;842;790;67965,5;4653809,072;0,050
2019;AGE_C;TA;L049;TARANTO;1431;31;1400;1318;123770;5974211,427;0,035
2019;AGE_C;TE;L103;TERAMO;625;74;551;473;48057;2158334,862;0,045
2019;AGE_C;TN;L378;TRENTO;1762;277;1485;1018;89586;7058755,308;0,035
2019;AGE_C;TO;L219;TORINO;9967;313;9654;9027;689990;46907997,21;0,041
2019;AGE_C;TP;L331;TRAPANI;202;10;192;174;17692,5;705023,55;0,009
2019;AGE_C;TR;L117;TERNI;2286;67;2219;1813;152750;7350307,399;0,077
2019;AGE_C;TS;L424;TRIESTE;3017;211;2806;2247;166514,5;12342020,22;0,044
2019;AGE_C;TV;L407;TREVISO;1660;71;1589;966;86114,5;6217861,502;0,057
2019;AGE_C;UD;L483;UDINE;2673;141;2532;1611;133194;8386847,364;0,068
2019;AGE_C;VA;L682;VARESE;670;69;601;397;34151,5;2288264,5;0,019
2019;AGE_C;VB;L746;VERBANIA;180;3;177;141;10238;699570,264;0,015
2019;AGE_C;VC;L750;VERCELLI;343;7;336;281;24855;1215341,112;0,022
2019;AGE_C;VE;L736;VENEZIA;2414;142;2272;1602;139602,5;11492104,72;0,027
2019;AGE_C;VI;L840;VICENZA;2814;293;2521;1522;121583,5;7733196,86;0,058
2019;AGE_C;VR;L781;VERONA;6482;243;6239;4158;358690,5;27888476,1;0,069
2019;AGE_C;VT;M082;VITERBO;987;55;932;764;67951;3571830,924;0,048
2019;AGE_C;VV;F537;VIBO VALENTIA;26;1;25;20;2297,5;87572,307;0,002
2019;AGE_S;AG;A089;AGRIGENTO;82;10;72;65;6382,5;260864;0,003
2019;AGE_S;AL;A182;ALESSANDRIA;339;70;269;249;16955;1055524,58;0,010
2019;AGE_S;AN;A271;ANCONA;1393;262;1131;1046;102794,5;7176994,03;0,051
2019;AGE_S;AO;A326;AOSTA;25;8;17;15;1184;79042,921;0,001
2019;AGE_S;AP;A462;ASCOLI PICENO;287;151;136;130;13905,5;703069,404;0,013
2019;AGE_S;AQ;A345;L`AQUILA;3524;1604;1920;1473;152571;7337454,65;0,048
2019;AGE_S;AR;A390;AREZZO;211;86;125;82;7662;542681,264;0,004
2019;AGE_S;AT;A479;ASTI;129;27;102;89;5329;341520,183;0,004
2019;AGE_S;AV;A509;AVELLINO;92;27;65;55;5837,5;276427,778;0,005
2019;AGE_S;BA;A662;BARI;3376;2500;876;770;79389;4088485,587;0,012
2019;AGE_S;BG;A794;BERGAMO;331;184;147;120;10891,5;665854,814;0,004
2019;AGE_S;BI;A859;BIELLA;42;2;40;28;1994,5;112113,471;0,002
2019;AGE_S;BL;A757;BELLUNO;29;3;26;22;1678,5;123066,547;0,002
2019;AGE_S;BN;A783;BENEVENTO;198;116;82;73;7385,5;286272,565;0,006
2019;AGE_S;BO;A944;BOLOGNA;2418;1589;829;733;66764,5;5943554,325;0,007
2019;AGE_S;BR;B180;BRINDISI;32;7;25;22;2598;117878,673;0,001
2019;AGE_S;BS;B157;BRESCIA;386;228;158;116;11170;703017,252;0,002
2019;AGE_S;BZ;A952;BOLZANO;271;135;136;112;10786,5;1054338,078;0,005
2019;AGE_S;CA;B354;CAGLIARI;2112;1555;557;455;47658;3095281,955;0,016
2019;AGE_S;CB;B519;CAMPOBASSO;374;204;170;159;16859;658750,117;0,016
2019;AGE_S;CE;B963;CASERTA;300;86;214;171;15566;850213,635;0,009
2019;AGE_S;CH;C632;CHIETI;2820;1395;1425;1293;122609,5;8123203,109;0,113
2019;AGE_S;CL;B429;CALTANISSETTA;123;47;76;68;6634,5;229975,526;0,004
2019;AGE_S;CN;D205;CUNEO;12;4;8;5;392;21611,45;0,000
2019;AGE_S;CO;C933;COMO;89;50;39;29;2122;279613,697;0,001
2019;AGE_S;CR;D150;CREMONA;190;24;166;144;10690;729795,07;0,007
2019;AGE_S;CS;D086;COSENZA;93;25;68;66;6538;270329,182;0,004
2019;AGE_S;CT;C351;CATANIA;2947;2151;796;725;73737,5;3403264,747;0,010
2019;AGE_S;CZ;C352;CATANZARO;528;359;169;165;15375;843193,143;0,009
2019;AGE_S;EN;C342;ENNA;1151;1086;65;64;5753,5;235923,394;0,007
2019;AGE_S;FE;D548;FERRARA;2490;626;1864;1639;139950;10584220,16;0,053
2019;AGE_S;FG;D643;FOGGIA;260;166;94;86;10016,5;447446,18;0,003
2019;AGE_S;FI;D612;FIRENZE;2602;1140;1462;1381;125957;13124051,32;0,016
2019;AGE_S;FO;D704;FORLI;1487;959;528;393;38618;2160496,484;0,018
2019;AGE_S;FR;D810;FROSINONE;162;68;94;84;8583,5;506966,632;0,009
2019;AGE_S;GE;D969;GENOVA;2116;733;1383;1131;94787,5;7908261,796;0,009
2019;AGE_S;GO;E098;GORIZIA;234;114;120;15;1145;72074,513;0,002
2019;AGE_S;GR;E202;GROSSETO;67;6;61;54;3781,5;307925,395;0,003
2019;AGE_S;IM;E290;IMPERIA;58;10;48;46;3491,5;275348,635;0,003
2019;AGE_S;IS;E335;ISERNIA;167;44;123;103;9529;364201,589;0,022
2019;AGE_S;KR;D122;CROTONE;20;1;19;17;1658;68188,664;0,002
2019;AGE_S;LC;E507;LECCO;165;49;116;91;8398,5;651889,308;0,008
2019;AGE_S;LE;E506;LECCE;895;527;368;321;34423,5;1865355,039;0,013
2019;AGE_S;LI;E625;LIVORNO;54;2;52;39;3747,5;261134,323;0,001
2019;AGE_S;LO;E648;LODI;21;9;12;10;709;52065,071;0,001
2019;AGE_S;LT;E472;LATINA;298;200;98;84;7504;503529,292;0,004
2019;AGE_S;LU;E715;LUCCA;88;6;82;70;7193;549815,112;0,004
2019;AGE_S;MC;E783;MACERATA;1282;519;763;721;64924;4374923,261;0,077
2019;AGE_S;ME;F158;MESSINA;1166;799;367;354;36639;2021367,453;0,006
2019;AGE_S;MI;F205;MILANO;1969;1035;934;874;62882;7140114,241;0,002
2019;AGE_S;MN;E897;MANTOVA;126;10;116;101;7962,5;530601,525;0,007
2019;AGE_S;MO;F257;MODENA;674;352;322;241;21429;1564112,138;0,006
2019;AGE_S;MS;F023;MASSA;82;10;72;60;5267;483355,878;0,003
2019;AGE_S;MT;F052;MATERA;391;276;115;98;9321,5;533029,615;0,009
2019;AGE_S;NA;F839;NAPOLI;1425;865;560;521;49528,5;4157915,42;0,002
2019;AGE_S;NO;F952;NOVARA;388;212;176;145;11134;752048,92;0,006
2019;AGE_S;NU;F979;NUORO;17;10;7;5;549;20048,632;0,001
2019;AGE_S;OR;G113;ORISTANO;98;58;40;28;2772,5;167166,304;0,005
2019;AGE_S;PA;G273;PALERMO;1931;1089;842;795;82787;4270625,262;0,005
2019;AGE_S;PC;G535;PIACENZA;481;95;386;336;26943,5;1804328,434;0,013
2019;AGE_S;PD;G224;PADOVA;3976;1518;2458;1782;168387;13447425,42;0,039
2019;AGE_S;PE;G482;PESCARA;2660;1629;1031;943;92835;5578304,305;0,035
2019;AGE_S;PG;G478;PERUGIA;1751;413;1338;1198;106591;6788583,814;0,034
2019;AGE_S;PI;G702;PISA;465;199;266;233;22882;1878587,658;0,009
2019;AGE_S;PN;G888;PORDENONE;176;67;109;70;5637;363836,596;0,007
2019;AGE_S;PO;G999;PRATO;100;35;65;47;4528,5;354989,64;0,002
2019;AGE_S;PR;G337;PARMA;1152;520;632;541;43489,5;3356031,616;0,011
2019;AGE_S;PS;G479;PESARO;134;18;116;100;9209;634334,284;0,006
2019;AGE_S;PT;G713;PISTOIA;88;19;69;58;4999;333386,718;0,003
2019;AGE_S;PV;G388;PAVIA;2242;654;1588;1397;95933;9067454,261;0,058
2019;AGE_S;PZ;G942;POTENZA;51;23;28;23;2528;84804;0,002
2019;AGE_S;RA;H199;RAVENNA;429;129;300;229;20043,5;1595096,295;0,005
2019;AGE_S;RC;H224;REGGIO DI CALABRIA;436;181;255;204;19805,5;873517,762;0,004
2019;AGE_S;RE;H223;REGGIO NELL`EMILIA;880;561;319;269;22070;1537996,697;0,008
2019;AGE_S;RG;H163;RAGUSA;79;41;38;32;2562,5;102933,89;0,001
2019;AGE_S;RI;H282;RIETI;152;63;89;59;5612;257507,404;0,005
2019;AGE_S;RM;H501;ROMA;16181;9572;6609;5773;481220;61234108,84;0,010
2019;AGE_S;RN;H294;RIMINI;582;287;295;244;23273,5;1740447,716;0,007
2019;AGE_S;RO;H620;ROVIGO;143;72;71;51;3799;258605,248;0,005
2019;AGE_S;SA;H703;SALERNO;239;108;131;125;12874;965409,317;0,005
2019;AGE_S;SI;I726;SIENA;1261;590;671;610;62211;5316505,418;0,043
2019;AGE_S;SO;I829;SONDRIO;11;3;8;7;564;59473,759;0,001
2019;AGE_S;SP;E463;LA SPEZIA;161;14;147;140;11140;921377,317;0,006
2019;AGE_S;SR;I754;SIRACUSA;178;38;140;130;11181;654684,359;0,005
2019;AGE_S;SS;I452;SASSARI;1899;1511;388;351;34264;1770141,741;0,015
2019;AGE_S;SV;I480;SAVONA;143;41;102;97;7247;575258,778;0,006
2019;AGE_S;TA;L049;TARANTO;206;71;135;128;11931;601780,634;0,003
2019;AGE_S;TE;L103;TERAMO;878;472;406;375;44964;2038619,613;0,036
2019;AGE_S;TN;L378;TRENTO;1006;546;460;373;39177;3063531,992;0,013
2019;AGE_S;TO;L219;TORINO;4951;1329;3622;3447;272113;20998052,16;0,015
2019;AGE_S;TP;L331;TRAPANI;29;7;22;21;1693;64407,762;0,001
2019;AGE_S;TR;L117;TERNI;251;72;179;151;12408;656301,158;0,006
2019;AGE_S;TS;L424;TRIESTE;2351;987;1364;1100;93822;7635554,573;0,022
2019;AGE_S;TV;L407;TREVISO;258;104;154;93;8643;632448,734;0,005
2019;AGE_S;UD;L483;UDINE;1149;563;586;461;42819,5;2741017,505;0,019
2019;AGE_S;VA;L682;VARESE;155;69;86;61;4149;342386,474;0,003
2019;AGE_S;VB;L746;VERBANIA;19;1;18;17;1164;85746,667;0,002
2019;AGE_S;VC;L750;VERCELLI;19;0;19;18;1501;80908,154;0,001
2019;AGE_S;VE;L736;VENEZIA;1551;570;981;846;77309;7630696,299;0,014
2019;AGE_S;VI;L840;VICENZA;147;69;78;53;5252;324225;0,002
2019;AGE_S;VR;L781;VERONA;2517;975;1542;1264;111703;9764225,962;0,021
2019;AGE_S;VT;M082;VITERBO;676;271;405;351;30814,5;1690096,24;0,022
2019;AGE_S;VV;F537;VIBO VALENTIA;8;0;8;8;688;29520;0,001
2019;ORD_L;AG;A089;AGRIGENTO;314;14;300;244;25952,5;942320,746;0,012
2019;ORD_L;AL;A182;ALESSANDRIA;1448;125;1323;1015;84355;3552245,087;0,041
2019;ORD_L;AN;A271;ANCONA;611;68;543;441;32706,5;2288539,816;0,021
2019;ORD_L;AO;A326;AOSTA;1115;62;1053;827;61319;3764393,475;0,080
2019;ORD_L;AP;A462;ASCOLI PICENO;259;11;248;170;15967,5;680098,915;0,017
2019;ORD_L;AQ;A345;L`AQUILA;269;22;247;171;19338;692463,007;0,006
2019;ORD_L;AR;A390;AREZZO;615;34;581;415;35608,5;1450386,895;0,022
2019;ORD_L;AT;A479;ASTI;702;26;676;517;41613,5;1801342,506;0,026
2019;ORD_L;AV;A509;AVELLINO;348;26;322;228;26696;1013447,821;0,020
2019;ORD_L;BA;A662;BARI;3026;303;2723;2151;169496;12371935,11;0,033
2019;ORD_L;BG;A794;BERGAMO;2531;142;2389;1759;137056;11609191,73;0,058
2019;ORD_L;BI;A859;BIELLA;923;61;862;654;54923,5;2575755,393;0,047
2019;ORD_L;BL;A757;BELLUNO;295;28;267;182;18416;767515,753;0,018
2019;ORD_L;BN;A783;BENEVENTO;504;29;475;389;40206,5;1635532,111;0,033
2019;ORD_L;BO;A944;BOLOGNA;9837;1974;7863;6907;500341;61801812,87;0,066
2019;ORD_L;BR;B180;BRINDISI;526;31;495;411;41486;2051409,159;0,025
2019;ORD_L;BS;B157;BRESCIA;4993;352;4641;3493;268626,5;19648213,58;0,075
2019;ORD_L;BZ;A952;BOLZANO;709;250;459;334;27843;2967990,712;0,014
2019;ORD_L;CA;B354;CAGLIARI;1459;242;1217;915;79428;6561806,355;0,033
2019;ORD_L;CB;B519;CAMPOBASSO;394;61;333;259;24994;1044558,547;0,026
2019;ORD_L;CE;B963;CASERTA;795;57;738;524;59544,5;2567684,204;0,029
2019;ORD_L;CH;C632;CHIETI;97;8;89;68;6805;311492,173;0,006
2019;ORD_L;CL;B429;CALTANISSETTA;606;46;560;481;46178,5;1469918,183;0,026
2019;ORD_L;CN;D205;CUNEO;1160;68;1092;863;72023,5;4018467,303;0,055
2019;ORD_L;CO;C933;COMO;2054;142;1912;1415;110617,5;11089447,87;0,065
2019;ORD_L;CR;D150;CREMONA;1058;26;1032;794;62203,5;3578074,327;0,041
2019;ORD_L;CS;D086;COSENZA;498;34;464;405;41533,5;1753716,812;0,027
2019;ORD_L;CT;C351;CATANIA;2679;195;2484;2105;191871,5;9805178,589;0,028
2019;ORD_L;CZ;C352;CATANZARO;741;50;691;604;54673,5;2544667,032;0,031
2019;ORD_L;EN;C342;ENNA;82;1;81;50;4791;155785,401;0,006
2019;ORD_L;FE;D548;FERRARA;1256;137;1119;816;65229,5;4915978,9;0,026
2019;ORD_L;FG;D643;FOGGIA;1277;50;1227;988;77587,5;3860522,172;0,039
2019;ORD_L;FI;D612;FIRENZE;6055;931;5124;4650;365636;48136381,79;0,055
2019;ORD_L;FO;D704;FORLI;1026;124;902;678;48843;3355451,012;0,030
2019;ORD_L;FR;D810;FROSINONE;353;44;309;256;24602;1348441,003;0,028
2019;ORD_L;GE;D969;GENOVA;4374;127;4247;3293;270058,5;12541267,64;0,027
2019;ORD_L;GO;E098;GORIZIA;113;6;107;15;1330;67278,21;0,002
2019;ORD_L;GR;E202;GROSSETO;372;25;347;267;20646,5;1262318,636;0,014
2019;ORD_L;IM;E290;IMPERIA;166;12;154;126;10361;635246,27;0,008
2019;ORD_L;IS;E335;ISERNIA;93;5;88;73;7190,5;290168,185;0,015
2019;ORD_L;KR;D122;CROTONE;381;7;374;262;26003,5;1034231,989;0,023
2019;ORD_L;LC;E507;LECCO;633;53;580;374;30974;2203970,566;0,033
2019;ORD_L;LE;E506;LECCE;1121;101;1020;817;80028;4332663,999;0,034
2019;ORD_L;LI;E625;LIVORNO;1793;101;1692;1436;109782;8650713,778;0,054
2019;ORD_L;LO;E648;LODI;1221;50;1171;897;63146;5167991,459;0,085
2019;ORD_L;LT;E472;LATINA;1081;68;1013;762;63255,5;4383511,464;0,033
2019;ORD_L;LU;E715;LUCCA;1208;70;1138;870;79996;5826536,876;0,045
2019;ORD_L;MC;E783;MACERATA;284;32;252;198;16303,5;826601,056;0,021
2019;ORD_L;ME;F158;MESSINA;1252;49;1203;1078;97580;4797358,889;0,019
2019;ORD_L;MI;F205;MILANO;51569;7326;44243;36520;2514634,5;382291260,7;0,097
2019;ORD_L;MN;E897;MANTOVA;1300;109;1191;938;78467,5;4632237,185;0,061
2019;ORD_L;MO;F257;MODENA;2921;1246;1675;1107;104840,5;9437831,529;0,027
2019;ORD_L;MS;F023;MASSA;249;20;229;184;17188,5;1142067,114;0,010
2019;ORD_L;MT;F052;MATERA;202;12;190;145;14680;804116,278;0,014
2019;ORD_L;NA;F839;NAPOLI;11187;502;10685;9720;753140,5;56327337,54;0,044
2019;ORD_L;NO;F952;NOVARA;1799;46;1753;1376;100795;6599953,83;0,060
2019;ORD_L;NU;F979;NUORO;314;23;291;237;21353;1112872,915;0,037
2019;ORD_L;OR;G113;ORISTANO;301;20;281;106;9369;569456,129;0,017
2019;ORD_L;PA;G273;PALERMO;6570;409;6161;5726;517205,5;28995781,71;0,038
2019;ORD_L;PC;G535;PIACENZA;2177;147;2030;1590;116444,5;7810540,314;0,062
2019;ORD_L;PD;G224;PADOVA;3251;402;2849;1929;153605;12420266,39;0,042
2019;ORD_L;PE;G482;PESCARA;630;62;568;401;39098,5;2485814,009;0,015
2019;ORD_L;PG;G478;PERUGIA;1785;226;1559;1203;95613;5683949,973;0,034
2019;ORD_L;PI;G702;PISA;4876;2090;2786;2466;200711,5;18625863,12;0,091
2019;ORD_L;PN;G888;PORDENONE;863;34;829;457;44063;2729389,089;0,044
2019;ORD_L;PO;G999;PRATO;2810;161;2649;2042;184389,5;16848880,16;0,079
2019;ORD_L;PR;G337;PARMA;6697;723;5974;4489;334524;29017897,53;0,094
2019;ORD_L;PS;G479;PESARO;514;55;459;331;29683;2033314,479;0,019
2019;ORD_L;PT;G713;PISTOIA;380;70;310;258;24302;1355993,16;0,014
2019;ORD_L;PV;G388;PAVIA;1149;77;1072;825;56942,5;4833020,302;0,034
2019;ORD_L;PZ;G942;POTENZA;649;59;590;488;43829,5;2154012,664;0,041
2019;ORD_L;RA;H199;RAVENNA;1121;128;993;661;56649;3926923,08;0,015
2019;ORD_L;RC;H224;REGGIO DI CALABRIA;861;44;817;555;55825,5;2089376,388;0,012
2019;ORD_L;RE;H223;REGGIO NELL`EMILIA;2357;288;2069;1521;108683;7752695,899;0,045
2019;ORD_L;RG;H163;RAGUSA;423;36;387;257;23862,5;920045,511;0,010
2019;ORD_L;RI;H282;RIETI;412;40;372;210;19099;979892,932;0,018
2019;ORD_L;RM;H501;ROMA;28329;3705;24624;19785;1567889,5;192493177,8;0,036
2019;ORD_L;RN;H294;RIMINI;1667;219;1448;989;73636,5;5780082,761;0,028
2019;ORD_L;RO;H620;ROVIGO;399;61;338;176;13454;785483,708;0,017
2019;ORD_L;SA;H703;SALERNO;813;57;756;681;65610;4537870,842;0,029
2019;ORD_L;SI;I726;SIENA;1118;285;833;735;62610;5370059,85;0,052
2019;ORD_L;SO;I829;SONDRIO;676;44;632;459;32902;2007139,788;0,066
2019;ORD_L;SP;E463;LA SPEZIA;696;29;667;549;41014;2723995,479;0,024
2019;ORD_L;SR;I754;SIRACUSA;809;36;773;659;63743;2912025,644;0,025
2019;ORD_L;SS;I452;SASSARI;872;114;758;634;46941;3115260,12;0,027
2019;ORD_L;SV;I480;SAVONA;485;6;479;434;35491;2299263,813;0,028
2019;ORD_L;TA;L049;TARANTO;1112;37;1075;963;84634,5;4142774,452;0,026
2019;ORD_L;TE;L103;TERAMO;153;13;140;101;9669;417847,512;0,010
2019;ORD_L;TN;L378;TRENTO;3419;909;2510;1677;144952;11291521,4;0,057
2019;ORD_L;TO;L219;TORINO;17954;1553;16401;15052;1003387;89598049,91;0,068
2019;ORD_L;TP;L331;TRAPANI;721;26;695;615;59733,5;2477304,965;0,032
2019;ORD_L;TR;L117;TERNI;811;54;757;634;51806,5;2526915,106;0,027
2019;ORD_L;TS;L424;TRIESTE;2101;125;1976;1234;83646,5;7149261,078;0,024
2019;ORD_L;TV;L407;TREVISO;1211;67;1144;645;58855,5;4311824,219;0,038
2019;ORD_L;UD;L483;UDINE;1079;93;986;674;53907,5;3739072,223;0,028
2019;ORD_L;VA;L682;VARESE;2386;166;2220;1474;119684,5;9486861,714;0,072
2019;ORD_L;VB;L746;VERBANIA;698;41;657;511;40403;2817719,15;0,056
2019;ORD_L;VC;L750;VERCELLI;969;57;912;768;61119;2992814,867;0,061
2019;ORD_L;VE;L736;VENEZIA;2331;284;2047;1583;140066;16673625,12;0,027
2019;ORD_L;VI;L840;VICENZA;3125;282;2843;1764;168563,5;12166117,46;0,068
2019;ORD_L;VR;L781;VERONA;6234;258;5976;3746;299193,5;14419536,9;0,062
2019;ORD_L;VT;M082;VITERBO;657;44;613;478;42272;2217152,241;0,030
2019;ORD_L;VV;F537;VIBO VALENTIA;327;13;314;145;15245,5;576873,518;0,017
2019;ORD_T;AG;A089;AGRIGENTO;360;62;298;260;22944,5;860824,222;0,013
2019;ORD_T;AL;A182;ALESSANDRIA;960;142;818;728;50304,5;3129997,766;0,029
2019;ORD_T;AN;A271;ANCONA;1119;389;730;639;58347,5;4180218,245;0,031
2019;ORD_T;AO;A326;AOSTA;383;33;350;317;22479,5;1838586,926;0,031
2019;ORD_T;AP;A462;ASCOLI PICENO;483;150;333;300;26198,5;1453760,218;0,030
2019;ORD_T;AQ;A345;L`AQUILA;1306;420;886;666;69571;3092831,77;0,022
2019;ORD_T;AR;A390;AREZZO;546;87;459;380;34339,5;1554114,519;0,020
2019;ORD_T;AT;A479;ASTI;290;45;245;181;10232;688027,41;0,009
2019;ORD_T;AV;A509;AVELLINO;237;45;192;152;13399;779814,817;0,014
2019;ORD_T;BA;A662;BARI;5486;3164;2322;1938;167073;10378640,12;0,029
2019;ORD_T;BG;A794;BERGAMO;1784;916;868;673;50917;4330626,521;0,022
2019;ORD_T;BI;A859;BIELLA;491;117;374;285;19495;1152679,974;0,021
2019;ORD_T;BL;A757;BELLUNO;149;31;118;103;8521,5;585627,717;0,010
2019;ORD_T;BN;A783;BENEVENTO;624;311;313;257;25292,5;1064862,077;0,022
2019;ORD_T;BO;A944;BOLOGNA;4086;2217;1869;1713;136068,5;15862515,82;0,016
2019;ORD_T;BR;B180;BRINDISI;1111;203;908;601;59588;3371265,2;0,037
2019;ORD_T;BS;B157;BRESCIA;1606;677;929;741;57477;4491662,685;0,016
2019;ORD_T;BZ;A952;BOLZANO;940;228;712;359;35251,5;1633852,194;0,015
2019;ORD_T;CA;B354;CAGLIARI;4515;2723;1792;1241;115682,5;8204509,314;0,044
2019;ORD_T;CB;B519;CAMPOBASSO;1443;677;766;681;63406,5;2747407,37;0,067
2019;ORD_T;CE;B963;CASERTA;714;219;495;402;34032;1885585,384;0,022
2019;ORD_T;CH;C632;CHIETI;939;489;450;401;35342;2045577,03;0,035
2019;ORD_T;CL;B429;CALTANISSETTA;783;222;561;448;36750;1237938,181;0,025
2019;ORD_T;CN;D205;CUNEO;429;51;378;342;23125,5;1624802,826;0,022
2019;ORD_T;CO;C933;COMO;1232;429;803;622;48228,5;5844897,509;0,028
2019;ORD_T;CR;D150;CREMONA;413;87;326;292;20404,5;1460853,667;0,015
2019;ORD_T;CS;D086;COSENZA;502;91;411;368;33214,5;1485596,66;0,024
2019;ORD_T;CT;C351;CATANIA;3605;2079;1526;1309;122587,5;6085819,095;0,017
2019;ORD_T;CZ;C352;CATANZARO;1548;967;581;555;49457;2607795,871;0,029
2019;ORD_T;EN;C342;ENNA;372;280;92;69;7328;261589,909;0,008
2019;ORD_T;FE;D548;FERRARA;2137;1021;1116;943;76866,5;5859153,51;0,030
2019;ORD_T;FG;D643;FOGGIA;1339;566;773;611;46382,5;2561376,885;0,024
2019;ORD_T;FI;D612;FIRENZE;11104;4239;6865;6524;583616;99010302,86;0,077
2019;ORD_T;FO;D704;FORLI;1479;771;708;569;48469,5;2779618,929;0,025
2019;ORD_T;FR;D810;FROSINONE;673;205;468;388;32615,5;1882925,098;0,042
2019;ORD_T;GE;D969;GENOVA;3986;997;2989;2251;192147;17876953,8;0,019
2019;ORD_T;GO;E098;GORIZIA;217;64;153;24;2162;109653,134;0,003
2019;ORD_T;GR;E202;GROSSETO;293;54;239;201;14818,5;1325182,849;0,010
2019;ORD_T;IM;E290;IMPERIA;270;20;250;219;16609;1324066,903;0,014
2019;ORD_T;IS;E335;ISERNIA;339;68;271;238;20722;985329,429;0,050
2019;ORD_T;KR;D122;CROTONE;244;8;236;169;14398;711484,47;0,015
2019;ORD_T;LC;E507;LECCO;516;150;366;246;17999,5;1489070,984;0,021
2019;ORD_T;LE;E506;LECCE;3328;1787;1541;1332;133209,5;6461328,765;0,055
2019;ORD_T;LI;E625;LIVORNO;887;125;762;649;53384;4451531,506;0,024
2019;ORD_T;LO;E648;LODI;279;79;200;167;10671,5;930972,486;0,016
2019;ORD_T;LT;E472;LATINA;782;284;498;379;29843;2173580,803;0,017
2019;ORD_T;LU;E715;LUCCA;598;148;450;353;35997;2657516,372;0,018
2019;ORD_T;MC;E783;MACERATA;1192;488;704;641;55190;3125737,895;0,069
2019;ORD_T;ME;F158;MESSINA;1699;818;881;808;75460;4383794,482;0,014
2019;ORD_T;MI;F205;MILANO;27148;10731;16417;15469;1066667;161863207,2;0,041
2019;ORD_T;MN;E897;MANTOVA;956;269;687;583;44493;3150657,697;0,038
2019;ORD_T;MO;F257;MODENA;1038;719;319;245;23814;1739307,612;0,006
2019;ORD_T;MS;F023;MASSA;425;39;386;329;30823,5;4271510,77;0,018
2019;ORD_T;MT;F052;MATERA;311;146;165;130;13138;1040900,359;0,013
2019;ORD_T;NA;F839;NAPOLI;4553;2137;2416;2065;167008;13606371,35;0,009
2019;ORD_T;NO;F952;NOVARA;1044;372;672;582;39985,5;2878810,799;0,025
2019;ORD_T;NU;F979;NUORO;234;54;180;154;13996;645303,09;0,024
2019;ORD_T;OR;G113;ORISTANO;359;139;220;89;7192,5;523881,645;0,014
2019;ORD_T;PA;G273;PALERMO;4833;1943;2890;2662;240562,5;15207585,45;0,017
2019;ORD_T;PC;G535;PIACENZA;946;234;712;596;43243,5;3264191,686;0,023
2019;ORD_T;PD;G224;PADOVA;3095;1608;1487;1076;92885,5;8099822,097;0,024
2019;ORD_T;PE;G482;PESCARA;2031;1001;1030;913;88588;5143889,296;0,034
2019;ORD_T;PG;G478;PERUGIA;2891;1189;1702;1563;115972;7922492,867;0,045
2019;ORD_T;PI;G702;PISA;2452;1304;1148;957;81858,5;8889412,162;0,035
2019;ORD_T;PN;G888;PORDENONE;273;50;223;161;14364,5;743786,605;0,016
2019;ORD_T;PO;G999;PRATO;585;169;416;335;29675;2300938,98;0,013
2019;ORD_T;PR;G337;PARMA;2262;1006;1256;982;71673;5907348,485;0,021
2019;ORD_T;PS;G479;PESARO;415;105;310;248;23624;1977546,324;0,014
2019;ORD_T;PT;G713;PISTOIA;287;52;235;201;17625;1243015,591;0,011
2019;ORD_T;PV;G388;PAVIA;1045;355;690;529;33427;3190193,765;0,022
2019;ORD_T;PZ;G942;POTENZA;871;452;419;377;35833;1516075,265;0,031
2019;ORD_T;RA;H199;RAVENNA;1464;234;1230;935;64619;8631918,525;0,021
2019;ORD_T;RC;H224;REGGIO DI CALABRIA;760;228;532;427;40537,5;1703672,917;0,009
2019;ORD_T;RE;H223;REGGIO NELL`EMILIA;1237;528;709;596;46628,5;3180986,356;0,018
2019;ORD_T;RG;H163;RAGUSA;960;283;677;459;39260;1808893,386;0,019
2019;ORD_T;RI;H282;RIETI;298;70;228;123;10272,5;521328,46;0,010
2019;ORD_T;RM;H501;ROMA;25328;14507;10821;9573;764743;101312173,2;0,017
2019;ORD_T;RN;H294;RIMINI;1345;578;767;639;52682;4467136,598;0,018
2019;ORD_T;RO;H620;ROVIGO;242;34;208;155;16494,5;3407900,218;0,015
2019;ORD_T;SA;H703;SALERNO;764;339;425;385;38114,5;2468604,65;0,016
2019;ORD_T;SI;I726;SIENA;3113;1678;1435;1280;119570,5;10376133,51;0,091
2019;ORD_T;SO;I829;SONDRIO;206;22;184;153;9815,5;645913,299;0,022
2019;ORD_T;SP;E463;LA SPEZIA;617;57;560;525;38165;3291241,615;0,023
2019;ORD_T;SR;I754;SIRACUSA;902;147;755;670;54736;3373151,141;0,025
2019;ORD_T;SS;I452;SASSARI;1534;816;718;616;52014,5;2949371,339;0,026
2019;ORD_T;SV;I480;SAVONA;359;26;333;306;24096,5;2010217,007;0,020
2019;ORD_T;TA;L049;TARANTO;709;107;602;556;43927,5;2836072,958;0,015
2019;ORD_T;TE;L103;TERAMO;311;136;175;158;16806,5;726023,56;0,015
2019;ORD_T;TN;L378;TRENTO;2933;1754;1179;918;89715,5;6106136,474;0,031
2019;ORD_T;TO;L219;TORINO;11932;4377;7555;6962;470867;42244197,5;0,031
2019;ORD_T;TP;L331;TRAPANI;615;68;547;525;39437,5;2108661,783;0,028
2019;ORD_T;TR;L117;TERNI;570;126;444;406;31911;1756493,575;0,017
2019;ORD_T;TS;L424;TRIESTE;1632;568;1064;690;53008;4293565,488;0,014
2019;ORD_T;TV;L407;TREVISO;629;214;415;258;22353;1450530,517;0,015
2019;ORD_T;UD;L483;UDINE;1293;472;821;624;55662;3069671,368;0,026
2019;ORD_T;VA;L682;VARESE;651;241;410;289;21665,5;1718571,129;0,014
2019;ORD_T;VB;L746;VERBANIA;535;51;484;403;26913,5;2209571,91;0,044
2019;ORD_T;VC;L750;VERCELLI;511;33;478;441;27571;1807521,59;0,035
2019;ORD_T;VE;L736;VENEZIA;4341;1186;3155;2748;237106,5;31353046,01;0,047
2019;ORD_T;VI;L840;VICENZA;720;304;416;325;32782,5;1980082,536;0,012
2019;ORD_T;VR;L781;VERONA;2203;937;1266;999;79669;7454956,429;0,017
2019;ORD_T;VT;M082;VITERBO;1007;338;669;598;47388,5;2749871,384;0,038
2019;ORD_T;VV;F537;VIBO VALENTIA;187;28;159;129;11985,5;479898,046;0,015
2020;AGE_C;AG;A089;AGRIGENTO;313;41;272;261;28763;947092,937;0,013
2020;AGE_C;AL;A182;ALESSANDRIA;1666;52;1614;1327;107973;5344881,471;0,053
2020;AGE_C;AN;A271;ANCONA;1780;155;1625;1426;118339,5;8123507,711;0,069
2020;AGE_C;AO;A326;AOSTA;207;8;199;145;13215;797005,583;0,014
2020;AGE_C;AP;A462;ASCOLI PICENO;427;45;382;329;32516,5;1670801,975;0,033
2020;AGE_C;AQ;A345;L`AQUILA;746;92;654;471;44859,5;2231821,344;0,015
2020;AGE_C;AR;A390;AREZZO;1651;86;1565;1065;92128;5848424,342;0,056
2020;AGE_C;AT;A479;ASTI;1445;13;1432;1106;83538,5;4586217,541;0,054
2020;AGE_C;AV;A509;AVELLINO;395;19;376;316;33546,5;1519734,551;0,028
2020;AGE_C;BA;A662;BARI;1586;159;1427;1057;100539,5;6104689,728;0,016
2020;AGE_C;BG;A794;BERGAMO;1673;77;1596;1071;89764;6792204,735;0,035
2020;AGE_C;BI;A859;BIELLA;515;15;500;373;30692,5;1605963,964;0,027
2020;AGE_C;BL;A757;BELLUNO;767;44;723;496;41764,5;2472769,591;0,049
2020;AGE_C;BN;A783;BENEVENTO;298;24;274;239;26188;1071450,435;0,020
2020;AGE_C;BO;A944;BOLOGNA;4487;298;4189;3460;276128;25163284,12;0,033
2020;AGE_C;BR;B180;BRINDISI;85;2;83;72;7094,5;366816,755;0,004
2020;AGE_C;BS;B157;BRESCIA;1495;124;1371;963;86745,5;5154914,048;0,021
2020;AGE_C;BZ;A952;BOLZANO;1925;389;1536;1134;102458,5;10181008,7;0,045
2020;AGE_C;CA;B354;CAGLIARI;672;127;545;426;43163,5;3218736,896;0,015
2020;AGE_C;CB;B519;CAMPOBASSO;149;23;126;106;10295,5;459528,556;0,010
2020;AGE_C;CE;B963;CASERTA;935;34;901;651;74987,5;3233376,754;0,036
2020;AGE_C;CH;C632;CHIETI;525;41;484;439;39892,5;1882851,693;0,038
2020;AGE_C;CL;B429;CALTANISSETTA;206;21;185;173;17544,5;591065,598;0,009
2020;AGE_C;CN;D205;CUNEO;827;10;817;572;50105,5;2411960,886;0,036
2020;AGE_C;CO;C933;COMO;286;36;250;174;14129,5;1199071,48;0,008
2020;AGE_C;CR;D150;CREMONA;1327;17;1310;986;75944,5;4704838,371;0,051
2020;AGE_C;CS;D086;COSENZA;253;18;235;218;23006,5;1047391,311;0,014
2020;AGE_C;CT;C351;CATANIA;2550;259;2291;2086;189476;10245825,37;0,027
2020;AGE_C;CZ;C352;CATANZARO;408;46;362;346;32120;1711896,749;0,018
2020;AGE_C;EN;C342;ENNA;185;32;153;148;15239;553743,606;0,017
2020;AGE_C;FE;D548;FERRARA;3425;96;3329;2386;187386;12752681,41;0,077
2020;AGE_C;FG;D643;FOGGIA;314;36;278;237;23602;1096319,469;0,009
2020;AGE_C;FI;D612;FIRENZE;2413;233;2180;1895;167434,5;15829935,98;0,022
2020;AGE_C;FO;D704;FORLI;1845;177;1668;1096;93049;5822331,833;0,049
2020;AGE_C;FR;D810;FROSINONE;311;32;279;260;24817,5;1241205,407;0,028
2020;AGE_C;GE;D969;GENOVA;7627;163;7464;6634;541523;38494921,3;0,055
2020;AGE_C;GO;E098;GORIZIA;552;42;510;101;8132,5;482289,785;0,013
2020;AGE_C;GR;E202;GROSSETO;1259;63;1196;899;68016,5;5088272,157;0,047
2020;AGE_C;IM;E290;IMPERIA;965;43;922;768;62929,5;4170515,859;0,048
2020;AGE_C;IS;E335;ISERNIA;68;4;64;56;5856,5;244118,625;0,012
2020;AGE_C;KR;D122;CROTONE;317;4;313;293;28440;1278175,487;0,026
2020;AGE_C;LC;E507;LECCO;564;22;542;389;30911,5;2341652,295;0,034
2020;AGE_C;LE;E506;LECCE;442;50;392;318;33580;1739592,476;0,013
2020;AGE_C;LI;E625;LIVORNO;698;9;689;583;56754,5;3570154,1;0,022
2020;AGE_C;LO;E648;LODI;296;19;277;215;15350;1220907,066;0,020
2020;AGE_C;LT;E472;LATINA;1752;83;1669;1220;102202,5;6856482,297;0,053
2020;AGE_C;LU;E715;LUCCA;1119;59;1060;799;78908,5;5284894,568;0,041
2020;AGE_C;MC;E783;MACERATA;607;41;566;449;40609;2235956,146;0,048
2020;AGE_C;ME;F158;MESSINA;1315;58;1257;1182;107314;5162400,857;0,020
2020;AGE_C;MI;F205;MILANO;2176;294;1882;1654;118269,5;12873562,27;0,004
2020;AGE_C;MN;E897;MANTOVA;532;12;520;425;38724;2167414,151;0,028
2020;AGE_C;MO;F257;MODENA;4345;998;3347;2257;173548,5;12979550,6;0,054
2020;AGE_C;MS;F023;MASSA;643;43;600;536;50780,5;3449743,337;0,029
2020;AGE_C;MT;F052;MATERA;628;117;511;441;38374,5;2333151,34;0,042
2020;AGE_C;NA;F839;NAPOLI;5631;273;5358;5101;450666,5;37177725,49;0,023
2020;AGE_C;NO;F952;NOVARA;1262;50;1212;914;71810,5;4638309,621;0,040
2020;AGE_C;NU;F979;NUORO;35;1;34;30;3212,5;138920;0,005
2020;AGE_C;OR;G113;ORISTANO;139;8;131;96;9128;485934,095;0,015
2020;AGE_C;PA;G273;PALERMO;5515;274;5241;5080;505823,5;27654590,85;0,033
2020;AGE_C;PC;G535;PIACENZA;1753;81;1672;1256;102536;6234843,356;0,049
2020;AGE_C;PD;G224;PADOVA;3759;335;3424;2231;187503,5;14826792,11;0,049
2020;AGE_C;PE;G482;PESCARA;1461;139;1322;1150;108995;6666923,468;0,043
2020;AGE_C;PG;G478;PERUGIA;3082;207;2875;2141;177673;9765817,082;0,061
2020;AGE_C;PI;G702;PISA;826;112;714;595;54014,5;4216987,308;0,022
2020;AGE_C;PN;G888;PORDENONE;1233;33;1200;672;51434;3414728,641;0,065
2020;AGE_C;PO;G999;PRATO;927;53;874;625;62003;4584660,128;0,024
2020;AGE_C;PR;G337;PARMA;1539;60;1479;1074;90869,5;5770551,227;0,022
2020;AGE_C;PS;G479;PESARO;1135;94;1041;764;67795,5;4572598,188;0,042
2020;AGE_C;PT;G713;PISTOIA;1116;95;1021;835;77482;5078042,346;0,046
2020;AGE_C;PV;G388;PAVIA;1979;130;1849;1559;107440;8955014,792;0,065
2020;AGE_C;PZ;G942;POTENZA;40;4;36;28;2662;91925,062;0,002
2020;AGE_C;RA;H199;RAVENNA;2483;94;2389;1582;121188;9036405,382;0,035
2020;AGE_C;RC;H224;REGGIO DI CALABRIA;1377;103;1274;1105;115681;4406541,958;0,023
2020;AGE_C;RE;H223;REGGIO NELL`EMILIA;2871;200;2671;1757;137784;9190972,528;0,052
2020;AGE_C;RG;H163;RAGUSA;395;36;359;309;31405,5;1165085,767;0,012
2020;AGE_C;RI;H282;RIETI;301;28;273;173;16887,5;786602,492;0,015
2020;AGE_C;RM;H501;ROMA;41055;4097;36958;29448;2418888;286874150,5;0,054
2020;AGE_C;RN;H294;RIMINI;2441;237;2204;1484;119053,5;9769722,06;0,042
2020;AGE_C;RO;H620;ROVIGO;1243;84;1159;702;50967,5;3163435,916;0,069
2020;AGE_C;SA;H703;SALERNO;856;58;798;742;74920;4995128,456;0,031
2020;AGE_C;SI;I726;SIENA;564;86;478;396;36314,5;2857946,886;0,028
2020;AGE_C;SO;I829;SONDRIO;91;3;88;68;5059;268471,198;0,010
2020;AGE_C;SP;E463;LA SPEZIA;1598;30;1568;1482;114928;8665400,884;0,064
2020;AGE_C;SR;I754;SIRACUSA;559;35;524;489;52400;2360768,814;0,018
2020;AGE_C;SS;I452;SASSARI;838;125;713;629;53923,5;3187290,3;0,027
2020;AGE_C;SV;I480;SAVONA;707;9;698;670;56958;4009510,326;0,043
2020;AGE_C;TA;L049;TARANTO;1347;43;1304;1244;114909,5;5803118,99;0,033
2020;AGE_C;TE;L103;TERAMO;611;70;541;471;48408;2180032,309;0,044
2020;AGE_C;TN;L378;TRENTO;1801;292;1509;1025;89949;7028836,72;0,034
2020;AGE_C;TO;L219;TORINO;8841;287;8554;8016;599824,5;41036534,91;0,036
2020;AGE_C;TP;L331;TRAPANI;220;10;210;197;19275;790379,294;0,010
2020;AGE_C;TR;L117;TERNI;1888;54;1834;1530;125552,5;6124827,574;0,064
2020;AGE_C;TS;L424;TRIESTE;2647;176;2471;1992;145114;11232626,64;0,039
2020;AGE_C;TV;L407;TREVISO;1655;92;1563;933;79075,5;6129667,452;0,055
2020;AGE_C;UD;L483;UDINE;2415;121;2294;1440;114000;7517352,581;0,061
2020;AGE_C;VA;L682;VARESE;508;40;468;321;26225;1860972,152;0,016
2020;AGE_C;VB;L746;VERBANIA;172;3;169;137;10455,5;735282,682;0,015
2020;AGE_C;VC;L750;VERCELLI;370;17;353;275;24855,5;1220256,707;0,022
2020;AGE_C;VE;L736;VENEZIA;2237;105;2132;1558;134068,5;11372999,75;0,026
2020;AGE_C;VI;L840;VICENZA;2688;311;2377;1437;114216,5;7492730,639;0,055
2020;AGE_C;VR;L781;VERONA;6067;307;5760;3876;322567;26069330,83;0,064
2020;AGE_C;VT;M082;VITERBO;1069;49;1020;793;70233;3732900,556;0,050
2020;AGE_C;VV;F537;VIBO VALENTIA;70;7;63;58;6149,5;215856,427;0,007
2020;AGE_S;AG;A089;AGRIGENTO;99;7;92;91;8192,5;327940;0,005
2020;AGE_S;AL;A182;ALESSANDRIA;338;56;282;254;16847;1118145,593;0,010
2020;AGE_S;AN;A271;ANCONA;1072;232;840;788;76324,5;5371676,382;0,038
2020;AGE_S;AO;A326;AOSTA;26;6;20;14;1137;80631,159;0,001
2020;AGE_S;AP;A462;ASCOLI PICENO;360;160;200;184;17858;965391,306;0,018
2020;AGE_S;AQ;A345;L`AQUILA;3114;1380;1734;1429;146529;7237548,923;0,046
2020;AGE_S;AR;A390;AREZZO;177;73;104;77;7066;433210,422;0,004
2020;AGE_S;AT;A479;ASTI;137;21;116;104;7293;441365,63;0,005
2020;AGE_S;AV;A509;AVELLINO;99;26;73;68;5943,5;300580,109;0,006
2020;AGE_S;BA;A662;BARI;2725;1954;771;702;71505;3629830,371;0,011
2020;AGE_S;BG;A794;BERGAMO;205;81;124;97;8826,5;600775,058;0,003
2020;AGE_S;BI;A859;BIELLA;39;2;37;30;2261;115581,946;0,002
2020;AGE_S;BL;A757;BELLUNO;47;3;44;34;2565,5;169477,422;0,003
2020;AGE_S;BN;A783;BENEVENTO;139;76;63;62;6355;260130;0,005
2020;AGE_S;BO;A944;BOLOGNA;2085;1299;786;699;62294;5730185,719;0,007
2020;AGE_S;BR;B180;BRINDISI;44;12;32;30;3543,5;175701,429;0,002
2020;AGE_S;BS;B157;BRESCIA;279;163;116;88;8418,5;464394,212;0,002
2020;AGE_S;BZ;A952;BOLZANO;354;182;172;145;14724,5;1225052,974;0,006
2020;AGE_S;CA;B354;CAGLIARI;2045;1562;483;424;45240;2853049,244;0,015
2020;AGE_S;CB;B519;CAMPOBASSO;411;237;174;164;16829,5;625465,654;0,016
2020;AGE_S;CE;B963;CASERTA;412;108;304;229;21529;1161287,902;0,013
2020;AGE_S;CH;C632;CHIETI;2356;1255;1101;997;88287;5620096,8;0,087
2020;AGE_S;CL;B429;CALTANISSETTA;131;59;72;71;5905,5;219551;0,004
2020;AGE_S;CN;D205;CUNEO;24;8;16;14;934;67996,777;0,001
2020;AGE_S;CO;C933;COMO;91;52;39;30;2596;244682,826;0,001
2020;AGE_S;CR;D150;CREMONA;173;18;155;142;10877;698198,97;0,007
2020;AGE_S;CS;D086;COSENZA;109;32;77;70;6711,5;298064,796;0,005
2020;AGE_S;CT;C351;CATANIA;2269;1613;656;609;55166,5;2829312,453;0,008
2020;AGE_S;CZ;C352;CATANZARO;381;250;131;126;11718;706369,991;0,006
2020;AGE_S;EN;C342;ENNA;931;851;80;78;7746;275050;0,009
2020;AGE_S;FE;D548;FERRARA;1916;599;1317;1180;96790,5;7412616,402;0,038
2020;AGE_S;FG;D643;FOGGIA;177;101;76;67;7188,5;299927,096;0,003
2020;AGE_S;FI;D612;FIRENZE;2495;1040;1455;1386;120614,5;12773969,01;0,016
2020;AGE_S;FO;D704;FORLI;1284;897;387;288;28461;1617930,112;0,013
2020;AGE_S;FR;D810;FROSINONE;129;38;91;86;7343,5;480106,803;0,009
2020;AGE_S;GE;D969;GENOVA;1710;602;1108;995;78377,5;7004659,939;0,008
2020;AGE_S;GO;E098;GORIZIA;258;116;142;12;988;57151,176;0,002
2020;AGE_S;GR;E202;GROSSETO;82;12;70;62;4734,5;358736,784;0,003
2020;AGE_S;IM;E290;IMPERIA;51;5;46;42;2841;235594,9;0,003
2020;AGE_S;IS;E335;ISERNIA;123;42;81;73;7014,5;287072;0,016
2020;AGE_S;KR;D122;CROTONE;36;0;36;31;3490;162471,784;0,003
2020;AGE_S;LC;E507;LECCO;179;63;116;84;6587;506748,912;0,007
2020;AGE_S;LE;E506;LECCE;953;582;371;325;32840;1753830,098;0,013
2020;AGE_S;LI;E625;LIVORNO;50;3;47;35;3501;274095,808;0,001
2020;AGE_S;LO;E648;LODI;14;1;13;12;803;51946,835;0,001
2020;AGE_S;LT;E472;LATINA;305;169;136;111;9266;625613,318;0,005
2020;AGE_S;LU;E715;LUCCA;122;9;113;94;9146;665302,107;0,005
2020;AGE_S;MC;E783;MACERATA;1342;667;675;631;54605;3723863,122;0,067
2020;AGE_S;ME;F158;MESSINA;860;535;325;309;29523,5;1576885,726;0,005
2020;AGE_S;MI;F205;MILANO;1906;1012;894;831;58062;7140960,168;0,002
2020;AGE_S;MN;E897;MANTOVA;126;28;98;96;7937,5;491697,171;0,006
2020;AGE_S;MO;F257;MODENA;552;266;286;208;17674;1364806,037;0,005
2020;AGE_S;MS;F023;MASSA;64;17;47;41;3381,5;278876,436;0,002
2020;AGE_S;MT;F052;MATERA;330;235;95;87;7647,5;460470,927;0,008
2020;AGE_S;NA;F839;NAPOLI;1387;837;550;535;47353;4215767,87;0,002
2020;AGE_S;NO;F952;NOVARA;360;201;159;130;9987;681391,402;0,006
2020;AGE_S;NU;F979;NUORO;17;7;10;8;815;34424;0,001
2020;AGE_S;OR;G113;ORISTANO;76;37;39;34;2755,5;188406,158;0,005
2020;AGE_S;PA;G273;PALERMO;1245;688;557;539;52989;2976835,237;0,004
2020;AGE_S;PC;G535;PIACENZA;384;82;302;263;20898;1397787,371;0,010
2020;AGE_S;PD;G224;PADOVA;2914;1259;1655;1237;120951,5;9529505,061;0,027
2020;AGE_S;PE;G482;PESCARA;2561;1574;987;892;83325;5323168,84;0,034
2020;AGE_S;PG;G478;PERUGIA;1429;417;1012;925;79100,5;5087314,822;0,026
2020;AGE_S;PI;G702;PISA;432;200;232;198;18933,5;1689582,957;0,007
2020;AGE_S;PN;G888;PORDENONE;124;39;85;60;3878;308000,036;0,006
2020;AGE_S;PO;G999;PRATO;88;24;64;56;5606;438322,909;0,002
2020;AGE_S;PR;G337;PARMA;946;411;535;454;36292,5;2635158,67;0,009
2020;AGE_S;PS;G479;PESARO;143;14;129;118;9769;818103,648;0,006
2020;AGE_S;PT;G713;PISTOIA;112;22;90;76;6542;474422,899;0,004
2020;AGE_S;PV;G388;PAVIA;1779;636;1143;1059;75651,5;7020471,219;0,044
2020;AGE_S;PZ;G942;POTENZA;48;27;21;18;1925;67200;0,001
2020;AGE_S;RA;H199;RAVENNA;376;133;243;179;15095,5;1205051,381;0,004
2020;AGE_S;RC;H224;REGGIO DI CALABRIA;360;132;228;196;19163,5;904590,071;0,004
2020;AGE_S;RE;H223;REGGIO NELL`EMILIA;687;409;278;230;18860,5;1289114,669;0,007
2020;AGE_S;RG;H163;RAGUSA;100;48;52;42;3594;174238,923;0,002
2020;AGE_S;RI;H282;RIETI;127;42;85;61;5357,5;260860,018;0,005
2020;AGE_S;RM;H501;ROMA;14217;8494;5723;5083;408254;55045213,6;0,009
2020;AGE_S;RN;H294;RIMINI;460;244;216;170;15162;1239390,077;0,005
2020;AGE_S;RO;H620;ROVIGO;145;87;58;42;3318,5;179287,675;0,004
2020;AGE_S;SA;H703;SALERNO;238;94;144;134;14154;1087535,913;0,006
2020;AGE_S;SI;I726;SIENA;1046;490;556;518;51301,5;4509914,378;0,037
2020;AGE_S;SO;I829;SONDRIO;9;2;7;6;447;27143,684;0,001
2020;AGE_S;SP;E463;LA SPEZIA;194;24;170;165;12484;1058534,017;0,007
2020;AGE_S;SR;I754;SIRACUSA;166;38;128;124;11380,5;712810,97;0,005
2020;AGE_S;SS;I452;SASSARI;1599;1244;355;324;33202;1467518,571;0,014
2020;AGE_S;SV;I480;SAVONA;113;23;90;84;6121,5;510738,939;0,005
2020;AGE_S;TA;L049;TARANTO;164;51;113;107;8527;560039,236;0,003
2020;AGE_S;TE;L103;TERAMO;821;453;368;341;39853,5;1708181,477;0,032
2020;AGE_S;TN;L378;TRENTO;1181;742;439;345;35868;2714170,856;0,012
2020;AGE_S;TO;L219;TORINO;4033;1121;2912;2815;217415;16711443,85;0,013
2020;AGE_S;TP;L331;TRAPANI;57;11;46;44;3515;185583,714;0,002
2020;AGE_S;TR;L117;TERNI;239;51;188;159;13078;699337,335;0,007
2020;AGE_S;TS;L424;TRIESTE;2097;882;1215;992;81343;6830909,442;0,019
2020;AGE_S;TV;L407;TREVISO;232;121;111;77;7587;490768,971;0,005
2020;AGE_S;UD;L483;UDINE;807;410;397;308;27220;1718115,761;0,013
2020;AGE_S;VA;L682;VARESE;92;40;52;36;2417;184391,139;0,002
2020;AGE_S;VB;L746;VERBANIA;16;1;15;14;1007;87560;0,002
2020;AGE_S;VC;L750;VERCELLI;18;0;18;16;1431;57227,428;0,001
2020;AGE_S;VE;L736;VENEZIA;1458;544;914;785;69222;6995087,129;0,013
2020;AGE_S;VI;L840;VICENZA;194;102;92;65;5345;395282,67;0,002
2020;AGE_S;VR;L781;VERONA;2538;1063;1475;1208;100899,5;8799290,923;0,020
2020;AGE_S;VT;M082;VITERBO;609;185;424;366;31473,5;1711827,009;0,023
2020;AGE_S;VV;F537;VIBO VALENTIA;17;5;12;12;1061;43320;0,001
2020;ORD_L;AG;A089;AGRIGENTO;230;17;213;198;21686,5;772799,526;0,010
2020;ORD_L;AL;A182;ALESSANDRIA;1164;93;1071;899;74709,5;2783774,838;0,036
2020;ORD_L;AN;A271;ANCONA;515;70;445;378;28594,5;1960797,599;0,018
2020;ORD_L;AO;A326;AOSTA;868;40;828;676;49678,5;3077301,084;0,066
2020;ORD_L;AP;A462;ASCOLI PICENO;204;17;187;138;12929;576959,759;0,014
2020;ORD_L;AQ;A345;L`AQUILA;234;24;210;133;12895;589879,846;0,004
2020;ORD_L;AR;A390;AREZZO;392;38;354;231;20545;1185255,53;0,012
2020;ORD_L;AT;A479;ASTI;671;19;652;465;36127;1640198,816;0,023
2020;ORD_L;AV;A509;AVELLINO;227;23;204;152;16660,5;736300,636;0,013
2020;ORD_L;BA;A662;BARI;2700;218;2482;1955;152432,5;11190746,29;0,030
2020;ORD_L;BG;A794;BERGAMO;2069;142;1927;1459;110057;9939931,14;0,048
2020;ORD_L;BI;A859;BIELLA;871;45;826;639;52086,5;2538986,197;0,046
2020;ORD_L;BL;A757;BELLUNO;242;23;219;160;13446,5;772214,389;0,016
2020;ORD_L;BN;A783;BENEVENTO;371;19;352;300;29926;1355433,314;0,025
2020;ORD_L;BO;A944;BOLOGNA;10133;2301;7832;7000;484388,5;59338916,56;0,067
2020;ORD_L;BR;B180;BRINDISI;451;22;429;379;36591;1846271,507;0,023
2020;ORD_L;BS;B157;BRESCIA;4257;330;3927;2986;227505;17235988,13;0,064
2020;ORD_L;BZ;A952;BOLZANO;600;186;414;318;26538;2849737,402;0,013
2020;ORD_L;CA;B354;CAGLIARI;1271;229;1042;799;69026;6030138,507;0,028
2020;ORD_L;CB;B519;CAMPOBASSO;244;19;225;186;18460;841001,246;0,018
2020;ORD_L;CE;B963;CASERTA;617;41;576;399;45874,5;1967676,703;0,022
2020;ORD_L;CH;C632;CHIETI;102;5;97;77;7483;303796,047;0,007
2020;ORD_L;CL;B429;CALTANISSETTA;489;25;464;418;40967,5;1365991,499;0,023
2020;ORD_L;CN;D205;CUNEO;933;49;884;659;53041,5;3077726,996;0,042
2020;ORD_L;CO;C933;COMO;1826;143;1683;1283;100910;10464505,19;0,059
2020;ORD_L;CR;D150;CREMONA;904;32;872;672;53258;3172474,387;0,035
2020;ORD_L;CS;D086;COSENZA;418;31;387;309;28908,5;1327687,351;0,020
2020;ORD_L;CT;C351;CATANIA;2376;242;2134;1874;163613;8516877,006;0,025
2020;ORD_L;CZ;C352;CATANZARO;671;55;616;555;48921,5;2273842,781;0,029
2020;ORD_L;EN;C342;ENNA;72;6;66;49;5444;154369,397;0,006
2020;ORD_L;FE;D548;FERRARA;1309;159;1150;740;60608,5;4185402,771;0,024
2020;ORD_L;FG;D643;FOGGIA;980;71;909;761;56621;3143877,761;0,030
2020;ORD_L;FI;D612;FIRENZE;5521;936;4585;4071;312615;39658809,56;0,048
2020;ORD_L;FO;D704;FORLI;909;114;795;592;43665,5;3036352,42;0,026
2020;ORD_L;FR;D810;FROSINONE;316;38;278;236;22681;1259450,078;0,025
2020;ORD_L;GE;D969;GENOVA;2743;111;2632;2028;160933;9814694,822;0,017
2020;ORD_L;GO;E098;GORIZIA;89;9;80;7;620;41606,505;0,001
2020;ORD_L;GR;E202;GROSSETO;335;21;314;236;19352;1132932,816;0,012
2020;ORD_L;IM;E290;IMPERIA;215;9;206;167;13637;817208,682;0,011
2020;ORD_L;IS;E335;ISERNIA;102;13;89;73;7511;322231,746;0,016
2020;ORD_L;KR;D122;CROTONE;226;7;219;194;17969,5;802682,69;0,017
2020;ORD_L;LC;E507;LECCO;525;50;475;351;26718,5;2127727,453;0,031
2020;ORD_L;LE;E506;LECCE;992;156;836;650;61218;3429030,006;0,027
2020;ORD_L;LI;E625;LIVORNO;1481;65;1416;1217;92662;7486181,651;0,046
2020;ORD_L;LO;E648;LODI;881;46;835;627;45094;3701141,648;0,060
2020;ORD_L;LT;E472;LATINA;872;57;815;619;49510;3512703,67;0,027
2020;ORD_L;LU;E715;LUCCA;1024;83;941;738;64985;4760143,338;0,038
2020;ORD_L;MC;E783;MACERATA;229;31;198;148;12781;614447,977;0,016
2020;ORD_L;ME;F158;MESSINA;1098;68;1030;935;81224;4195387,266;0,016
2020;ORD_L;MI;F205;MILANO;46004;6253;39751;31756;2200245;335129314,8;0,083
2020;ORD_L;MN;E897;MANTOVA;1042;118;924;753;60715;3933057,948;0,049
2020;ORD_L;MO;F257;MODENA;2538;1022;1516;1012;92698;8454719,465;0,024
2020;ORD_L;MS;F023;MASSA;169;26;143;121;10497;754455,348;0,006
2020;ORD_L;MT;F052;MATERA;179;11;168;124;12140,5;623497,399;0,012
2020;ORD_L;NA;F839;NAPOLI;9135;476;8659;8153;612862,5;46324558,1;0,037
2020;ORD_L;NO;F952;NOVARA;1466;55;1411;1086;78812;5271908,871;0,047
2020;ORD_L;NU;F979;NUORO;260;19;241;199;16957,5;956248,899;0,031
2020;ORD_L;OR;G113;ORISTANO;215;11;204;103;9152;550312,958;0,016
2020;ORD_L;PA;G273;PALERMO;5742;340;5402;5098;445604;25360341,19;0,033
2020;ORD_L;PC;G535;PIACENZA;1890;101;1789;1422;105938,5;7029472,091;0,055
2020;ORD_L;PD;G224;PADOVA;7323;725;6598;4203;346579,5;17575561,33;0,093
2020;ORD_L;PE;G482;PESCARA;458;40;418;318;30678;2112562,269;0,012
2020;ORD_L;PG;G478;PERUGIA;1431;226;1205;971;74457;4466057,736;0,028
2020;ORD_L;PI;G702;PISA;3327;1252;2075;1840;141009;12909149,59;0,068
2020;ORD_L;PN;G888;PORDENONE;698;32;666;361;33959;2065683,709;0,035
2020;ORD_L;PO;G999;PRATO;2389;128;2261;1724;150758;14102660,47;0,066
2020;ORD_L;PR;G337;PARMA;5924;663;5261;4009;298799;26410964,54;0,084
2020;ORD_L;PS;G479;PESARO;445;51;394;302;26354,5;1894615,997;0,017
2020;ORD_L;PT;G713;PISTOIA;322;59;263;230;20091;1246081,331;0,013
2020;ORD_L;PV;G388;PAVIA;1034;68;966;625;40644,5;3625327,219;0,026
2020;ORD_L;PZ;G942;POTENZA;742;45;697;398;35457,5;1802162,771;0,033
2020;ORD_L;RA;H199;RAVENNA;1074;123;951;653;51429;3653145,62;0,014
2020;ORD_L;RC;H224;REGGIO DI CALABRIA;643;49;594;447;47372;1790795,385;0,009
2020;ORD_L;RE;H223;REGGIO NELL`EMILIA;2023;315;1708;1254;89839;6578950,799;0,037
2020;ORD_L;RG;H163;RAGUSA;466;46;420;332;32600;1242614,36;0,013
2020;ORD_L;RI;H282;RIETI;366;36;330;231;21582,5;1069652,165;0,020
2020;ORD_L;RM;H501;ROMA;20051;3379;16672;13806;1076176;132351273,8;0,025
2020;ORD_L;RN;H294;RIMINI;1196;170;1026;749;53286,5;4431964,828;0,021
2020;ORD_L;RO;H620;ROVIGO;1317;53;1264;1101;92898;2531030,475;0,108
2020;ORD_L;SA;H703;SALERNO;752;48;704;630;57423,5;4153668,811;0,027
2020;ORD_L;SI;I726;SIENA;974;268;706;621;53064;4610576,115;0,044
2020;ORD_L;SO;I829;SONDRIO;617;27;590;426;32371;2018356,881;0,061
2020;ORD_L;SP;E463;LA SPEZIA;416;19;397;365;27809;1995628,666;0,016
2020;ORD_L;SR;I754;SIRACUSA;595;38;557;483;47953,5;2194854,837;0,018
2020;ORD_L;SS;I452;SASSARI;794;92;702;577;44528,5;2798999,499;0,024
2020;ORD_L;SV;I480;SAVONA;491;12;479;386;30554,5;1958743,967;0,025
2020;ORD_L;TA;L049;TARANTO;935;31;904;834;73854;3638114,757;0,022
2020;ORD_L;TE;L103;TERAMO;107;18;89;61;6246;241533,235;0,006
2020;ORD_L;TN;L378;TRENTO;2858;754;2104;1414;118834,5;9814949,511;0,048
2020;ORD_L;TO;L219;TORINO;14564;1347;13217;12377;819202,5;74349995,64;0,055
2020;ORD_L;TP;L331;TRAPANI;576;34;542;487;49935,5;2011877,919;0,026
2020;ORD_L;TR;L117;TERNI;501;41;460;378;29139;1564549,347;0,016
2020;ORD_L;TS;L424;TRIESTE;1623;96;1527;1003;70015;4924693,47;0,020
2020;ORD_L;TV;L407;TREVISO;2551;66;2485;1305;117691,5;5013929,19;0,077
2020;ORD_L;UD;L483;UDINE;975;74;901;596;46842,5;3328826,116;0,025
2020;ORD_L;VA;L682;VARESE;1945;113;1832;1271;103289;8371816,069;0,062
2020;ORD_L;VB;L746;VERBANIA;628;52;576;456;35570,5;2496611,311;0,050
2020;ORD_L;VC;L750;VERCELLI;725;37;688;573;45433;2309883,901;0,046
2020;ORD_L;VE;L736;VENEZIA;6470;188;6282;3532;301630,5;17091020,52;0,060
2020;ORD_L;VI;L840;VICENZA;5098;288;4810;2805;252768;12371515,76;0,107
2020;ORD_L;VR;L781;VERONA;4065;179;3886;2312;198032;9878649,002;0,038
2020;ORD_L;VT;M082;VITERBO;492;37;455;377;31554;1740076,098;0,024
2020;ORD_L;VV;F537;VIBO VALENTIA;198;10;188;123;14190,5;502956;0,015
2020;ORD_T;AG;A089;AGRIGENTO;312;43;269;248;22331;930013,787;0,013
2020;ORD_T;AL;A182;ALESSANDRIA;877;102;775;705;49411,5;2887028,615;0,028
2020;ORD_T;AN;A271;ANCONA;891;324;567;506;46469,5;3113110,965;0,024
2020;ORD_T;AO;A326;AOSTA;325;46;279;246;16909;1794363,562;0,024
2020;ORD_T;AP;A462;ASCOLI PICENO;425;135;290;258;22931,5;1264202,619;0,026
2020;ORD_T;AQ;A345;L`AQUILA;1149;360;789;584;60283;2834501,975;0,019
2020;ORD_T;AR;A390;AREZZO;320;85;235;170;13852;868118,463;0,009
2020;ORD_T;AT;A479;ASTI;301;40;261;212;13146;843286,709;0,010
2020;ORD_T;AV;A509;AVELLINO;226;48;178;139;12378,5;689866,732;0,012
2020;ORD_T;BA;A662;BARI;4317;2415;1902;1676;138929,5;9684391,131;0,025
2020;ORD_T;BG;A794;BERGAMO;1658;776;882;745;54615,5;4579247,913;0,024
2020;ORD_T;BI;A859;BIELLA;410;82;328;260;17096,5;1026383,615;0,019
2020;ORD_T;BL;A757;BELLUNO;145;31;114;93;7183;505858,686;0,009
2020;ORD_T;BN;A783;BENEVENTO;538;240;298;263;25605;1035776,875;0,022
2020;ORD_T;BO;A944;BOLOGNA;4578;2476;2102;1950;145585;17199009,27;0,019
2020;ORD_T;BR;B180;BRINDISI;833;181;652;545;52656;2941221,45;0,034
2020;ORD_T;BS;B157;BRESCIA;1526;712;814;687;53546,5;4524291,276;0,015
2020;ORD_T;BZ;A952;BOLZANO;815;220;595;340;33215,5;1733983,033;0,014
2020;ORD_T;CA;B354;CAGLIARI;4140;2453;1687;1288;119809;8249149,898;0,046
2020;ORD_T;CB;B519;CAMPOBASSO;1220;545;675;599;58367;2335964,288;0,059
2020;ORD_T;CE;B963;CASERTA;557;127;430;347;28171;1562085,921;0,019
2020;ORD_T;CH;C632;CHIETI;664;337;327;305;26602,5;1461427,3;0,027
2020;ORD_T;CL;B429;CALTANISSETTA;570;112;458;429;33339,5;1203910,653;0,023
2020;ORD_T;CN;D205;CUNEO;387;64;323;298;19626,5;1415085,191;0,019
2020;ORD_T;CO;C933;COMO;1209;373;836;689;50852;5803399,223;0,031
2020;ORD_T;CR;D150;CREMONA;349;91;258;232;15866,5;1227718,801;0,012
2020;ORD_T;CS;D086;COSENZA;424;99;325;303;27893,5;1382416,46;0,020
2020;ORD_T;CT;C351;CATANIA;2737;1491;1246;1140;98001,5;5587284,678;0,015
2020;ORD_T;CZ;C352;CATANZARO;864;503;361;340;27680;1485092,129;0,018
2020;ORD_T;EN;C342;ENNA;274;211;63;43;4427;148531,338;0,005
2020;ORD_T;FE;D548;FERRARA;1567;671;896;775;62619,5;4377714,664;0,025
2020;ORD_T;FG;D643;FOGGIA;1137;342;795;619;46085;2514828,62;0,024
2020;ORD_T;FI;D612;FIRENZE;8570;3511;5059;4776;412492;58212205,72;0,056
2020;ORD_T;FO;D704;FORLI;1282;694;588;472;37657;2413848,979;0,021
2020;ORD_T;FR;D810;FROSINONE;498;110;388;337;27211;1580926,298;0,036
2020;ORD_T;GE;D969;GENOVA;3513;886;2627;2158;180889,5;16253828,02;0,018
2020;ORD_T;GO;E098;GORIZIA;180;62;118;19;1758;118998,582;0,002
2020;ORD_T;GR;E202;GROSSETO;282;70;212;192;12888;1219183,858;0,010
2020;ORD_T;IM;E290;IMPERIA;199;13;186;157;12004;1025372,085;0,010
2020;ORD_T;IS;E335;ISERNIA;270;64;206;175;14160,5;676828,835;0,037
2020;ORD_T;KR;D122;CROTONE;162;10;152;123;11094;611733,321;0,011
2020;ORD_T;LC;E507;LECCO;446;153;293;227;16312;1391113,908;0,020
2020;ORD_T;LE;E506;LECCE;2741;1358;1383;1214;118235,5;5925864,271;0,050
2020;ORD_T;LI;E625;LIVORNO;779;111;668;595;47015;4061321,76;0,022
2020;ORD_T;LO;E648;LODI;248;72;176;158;9644,5;931197,874;0,015
2020;ORD_T;LT;E472;LATINA;637;231;406;328;25388,5;1884471,008;0,014
2020;ORD_T;LU;E715;LUCCA;457;135;322;272;26425;1945302,729;0,014
2020;ORD_T;MC;E783;MACERATA;828;354;474;434;35635,5;1995597,749;0,046
2020;ORD_T;ME;F158;MESSINA;1278;503;775;710;61785;3788391,749;0,012
2020;ORD_T;MI;F205;MILANO;25673;9698;15975;15121;1022111,5;157924791,5;0,040
2020;ORD_T;MN;E897;MANTOVA;857;279;578;499;36416,5;2568149,524;0,032
2020;ORD_T;MO;F257;MODENA;985;629;356;268;24188,5;1932948,169;0,006
2020;ORD_T;MS;F023;MASSA;469;53;416;334;31149;4411205,371;0,018
2020;ORD_T;MT;F052;MATERA;270;124;146;129;11157,5;729818,452;0,012
2020;ORD_T;NA;F839;NAPOLI;3670;1705;1965;1791;136939,5;11788990,3;0,008
2020;ORD_T;NO;F952;NOVARA;927;304;623;534;36694,5;2701477,002;0,023
2020;ORD_T;NU;F979;NUORO;219;47;172;151;13267,5;677635,57;0,024
2020;ORD_T;OR;G113;ORISTANO;328;123;205;99;8199,5;563969,001;0,016
2020;ORD_T;PA;G273;PALERMO;3835;1435;2400;2283;195571,5;13321434,1;0,015
2020;ORD_T;PC;G535;PIACENZA;819;248;571;479;35200;2693305,42;0,019
2020;ORD_T;PD;G224;PADOVA;3301;1773;1528;1207;99553;8170100,429;0,027
2020;ORD_T;PE;G482;PESCARA;1527;760;767;680;64420;4023406,181;0,026
2020;ORD_T;PG;G478;PERUGIA;2135;919;1216;1109;83549,5;5513230,485;0,032
2020;ORD_T;PI;G702;PISA;1827;873;954;833;70404,5;8063400,385;0,031
2020;ORD_T;PN;G888;PORDENONE;298;56;242;168;15301;1042028,754;0,016
2020;ORD_T;PO;G999;PRATO;523;162;361;294;27442,5;2157043,212;0,011
2020;ORD_T;PR;G337;PARMA;2096;940;1156;962;70047,5;5654986,855;0,020
2020;ORD_T;PS;G479;PESARO;339;98;241;197;17988;1510779,284;0,011
2020;ORD_T;PT;G713;PISTOIA;231;59;172;154;12478,5;1005310,705;0,009
2020;ORD_T;PV;G388;PAVIA;739;274;465;417;26655;2422817,473;0,017
2020;ORD_T;PZ;G942;POTENZA;780;385;395;352;30171;1462467,791;0,029
2020;ORD_T;RA;H199;RAVENNA;1413;249;1164;913;65799,5;9286256,288;0,020
2020;ORD_T;RC;H224;REGGIO DI CALABRIA;558;193;365;304;28627,5;1273283,003;0,006
2020;ORD_T;RE;H223;REGGIO NELL`EMILIA;849;340;509;414;29687,5;2183680,349;0,012
2020;ORD_T;RG;H163;RAGUSA;933;241;692;535;45366,5;1877816,543;0,022
2020;ORD_T;RI;H282;RIETI;260;64;196;150;13222,5;746113,484;0,013
2020;ORD_T;RM;H501;ROMA;19774;11323;8451;7614;603368;79474986,42;0,014
2020;ORD_T;RN;H294;RIMINI;1076;509;567;485;37980;3497286,993;0,014
2020;ORD_T;RO;H620;ROVIGO;144;41;103;80;6159,5;514444,841;0,008
2020;ORD_T;SA;H703;SALERNO;715;337;378;360;34661;2266039,338;0,015
2020;ORD_T;SI;I726;SIENA;2468;1361;1107;1023;91246,5;7876351,14;0,073
2020;ORD_T;SO;I829;SONDRIO;169;11;158;129;7957;550898,575;0,019
2020;ORD_T;SP;E463;LA SPEZIA;712;75;637;592;43478;4067054,715;0,026
2020;ORD_T;SR;I754;SIRACUSA;829;130;699;641;55429,5;3549580,353;0,024
2020;ORD_T;SS;I452;SASSARI;1427;719;708;640;56104,5;2854364,629;0,027
2020;ORD_T;SV;I480;SAVONA;260;21;239;227;18013,5;1435987,469;0,014
2020;ORD_T;TA;L049;TARANTO;586;73;513;489;37707,5;2422074,603;0,013
2020;ORD_T;TE;L103;TERAMO;273;108;165;135;14254,5;628334,451;0,013
2020;ORD_T;TN;L378;TRENTO;2466;1538;928;726;69231;4710759,028;0,024
2020;ORD_T;TO;L219;TORINO;10161;3809;6352;5905;403214;35251512,6;0,026
2020;ORD_T;TP;L331;TRAPANI;664;72;592;555;40204;2374650,477;0,029
2020;ORD_T;TR;L117;TERNI;509;113;396;357;28501;1637026,696;0,015
2020;ORD_T;TS;L424;TRIESTE;1448;544;904;595;43493;3732715,628;0,012
2020;ORD_T;TV;L407;TREVISO;747;198;549;347;28749;1769820,979;0,020
2020;ORD_T;UD;L483;UDINE;1138;437;701;526;49155;3174480,269;0,022
2020;ORD_T;VA;L682;VARESE;566;184;382;298;21582;1696481,299;0,014
2020;ORD_T;VB;L746;VERBANIA;563;56;507;420;28573,5;2379615;0,046
2020;ORD_T;VC;L750;VERCELLI;471;23;448;412;26296;1717960,447;0,033
2020;ORD_T;VE;L736;VENEZIA;3724;927;2797;2418;213840,5;25152825,92;0,041
2020;ORD_T;VI;L840;VICENZA;762;340;422;322;26490;1953779,264;0,012
2020;ORD_T;VR;L781;VERONA;2246;915;1331;1073;85660,5;7718235,126;0,018
2020;ORD_T;VT;M082;VITERBO;796;205;591;516;39183,5;2305687,64;0,032
2020;ORD_T;VV;F537;VIBO VALENTIA;151;14;137;116;11028;506234,156;0,014
2021;AGE_C;AG;A089;AGRIGENTO;331;40;291;285;28480;1028408,012;0,015
2021;AGE_C;AL;A182;ALESSANDRIA;1684;78;1606;1317;105061,5;5384212,021;0,053
2021;AGE_C;AN;A271;ANCONA;1828;151;1677;1483;121735;8570501,126;0,071
2021;AGE_C;AO;A326;AOSTA;274;4;270;174;16463;1003545,164;0,017
2021;AGE_C;AP;A462;ASCOLI PICENO;429;49;380;335;31131,5;1723621,664;0,033
2021;AGE_C;AQ;A345;L`AQUILA;852;100;752;524;50963,5;2524952,555;0,017
2021;AGE_C;AR;A390;AREZZO;1694;126;1568;1109;95389;6105417,783;0,058
2021;AGE_C;AT;A479;ASTI;1601;36;1565;1206;91582;5067742,135;0,059
2021;AGE_C;AV;A509;AVELLINO;465;28;437;361;39153,5;1786440,037;0,032
2021;AGE_C;BA;A662;BARI;1370;157;1213;1003;95449,5;5912562,568;0,015
2021;AGE_C;BG;A794;BERGAMO;1805;88;1717;1178;95956,5;7659114,291;0,038
2021;AGE_C;BI;A859;BIELLA;635;11;624;449;36692,5;1919202,304;0,032
2021;AGE_C;BL;A757;BELLUNO;809;61;748;519;44010;2715825,867;0,051
2021;AGE_C;BN;A783;BENEVENTO;286;18;268;243;25881,5;1097163,122;0,021
2021;AGE_C;BO;A944;BOLOGNA;5067;316;4751;3852;309859;28573783,37;0,037
2021;AGE_C;BR;B180;BRINDISI;94;2;92;80;8393,5;412592,021;0,005
2021;AGE_C;BS;B157;BRESCIA;1544;166;1378;957;85638,5;5201367,174;0,021
2021;AGE_C;BZ;A952;BOLZANO;2034;419;1615;1204;108181,5;11056689,83;0,047
2021;AGE_C;CA;B354;CAGLIARI;649;129;520;411;42208;3072899,637;0,014
2021;AGE_C;CB;B519;CAMPOBASSO;169;16;153;134;13152;579707,981;0,013
2021;AGE_C;CE;B963;CASERTA;929;37;892;641;71668;3295209,557;0,035
2021;AGE_C;CH;C632;CHIETI;577;61;516;471;44161,5;2092854,036;0,041
2021;AGE_C;CL;B429;CALTANISSETTA;241;28;213;200;20056,5;704014,474;0,011
2021;AGE_C;CN;D205;CUNEO;724;12;712;497;43995,5;2153207,552;0,031
2021;AGE_C;CO;C933;COMO;532;49;483;338;27866,5;2449646,978;0,015
2021;AGE_C;CR;D150;CREMONA;1299;20;1279;1017;77899;4996068,697;0,052
2021;AGE_C;CS;D086;COSENZA;287;31;256;237;24490;1128663,342;0,015
2021;AGE_C;CT;C351;CATANIA;2724;331;2393;2170;202559;11002151,38;0,029
2021;AGE_C;CZ;C352;CATANZARO;518;43;475;452;40809;1952767,671;0,023
2021;AGE_C;EN;C342;ENNA;208;37;171;166;16405;592887,955;0,019
2021;AGE_C;FE;D548;FERRARA;3505;128;3377;2466;191858;13474484,35;0,080
2021;AGE_C;FG;D643;FOGGIA;442;46;396;324;32508,5;1524627,844;0,013
2021;AGE_C;FI;D612;FIRENZE;2873;288;2585;2345;210255,5;19940232,52;0,028
2021;AGE_C;FO;D704;FORLI;1801;107;1694;1102;92388,5;5841120,086;0,049
2021;AGE_C;FR;D810;FROSINONE;344;33;311;291;29292;1480919,68;0,031
2021;AGE_C;GE;D969;GENOVA;8451;201;8250;7530;614284,5;44664712,48;0,062
2021;AGE_C;GO;E098;GORIZIA;540;36;504;121;10047;604584,513;0,015
2021;AGE_C;GR;E202;GROSSETO;1267;80;1187;924;71673,5;5408495,899;0,048
2021;AGE_C;IM;E290;IMPERIA;1046;28;1018;884;70576,5;4801724,34;0,055
2021;AGE_C;IS;E335;ISERNIA;62;1;61;50;5200;209131,424;0,011
2021;AGE_C;KR;D122;CROTONE;335;12;323;302;28700,5;1317590,931;0,027
2021;AGE_C;LC;E507;LECCO;562;23;539;395;31455,5;2416761,007;0,034
2021;AGE_C;LE;E506;LECCE;478;77;401;330;34564,5;1828136,173;0,014
2021;AGE_C;LI;E625;LIVORNO;638;8;630;550;53159;3385124,273;0,021
2021;AGE_C;LO;E648;LODI;301;12;289;213;15626,5;1178158,687;0,020
2021;AGE_C;LT;E472;LATINA;1730;87;1643;1165;97871;6613234,005;0,051
2021;AGE_C;LU;E715;LUCCA;1119;42;1077;796;78065,5;5430842,745;0,041
2021;AGE_C;MC;E783;MACERATA;642;48;594;463;40714;2365736,241;0,049
2021;AGE_C;ME;F158;MESSINA;1282;87;1195;1126;103404;5305065,813;0,019
2021;AGE_C;MI;F205;MILANO;2814;396;2418;2174;158529,5;17894012,1;0,006
2021;AGE_C;MN;E897;MANTOVA;676;41;635;479;40494;2332055,636;0,031
2021;AGE_C;MO;F257;MODENA;4214;976;3238;2202;166864,5;13162330,67;0,053
2021;AGE_C;MS;F023;MASSA;567;40;527;471;42277;3100202,299;0,025
2021;AGE_C;MT;F052;MATERA;691;127;564;494;43916,5;2746792,293;0,046
2021;AGE_C;NA;F839;NAPOLI;7069;390;6679;6428;552028,5;46869883,16;0,029
2021;AGE_C;NO;F952;NOVARA;1553;68;1485;1101;85979,5;5643395,553;0,048
2021;AGE_C;NU;F979;NUORO;25;2;23;20;1926;92920;0,003
2021;AGE_C;OR;G113;ORISTANO;145;6;139;100;9339,5;513122,377;0,016
2021;AGE_C;PA;G273;PALERMO;5667;334;5333;5188;513685;28662441,19;0,034
2021;AGE_C;PC;G535;PIACENZA;1873;94;1779;1283;104751;6552202,654;0,050
2021;AGE_C;PD;G224;PADOVA;4284;429;3855;2526;215479;17606831,21;0,056
2021;AGE_C;PE;G482;PESCARA;1499;128;1371;1153;108884;6781645,816;0,043
2021;AGE_C;PG;G478;PERUGIA;3353;218;3135;2358;196100,5;11139473,83;0,067
2021;AGE_C;PI;G702;PISA;1050;181;869;742;70023;5608890,569;0,027
2021;AGE_C;PN;G888;PORDENONE;1123;28;1095;631;46933;3301379,16;0,061
2021;AGE_C;PO;G999;PRATO;1025;60;965;689;65476,5;4975545,727;0,026
2021;AGE_C;PR;G337;PARMA;1756;95;1661;1188;100574;6621099,883;0,025
2021;AGE_C;PS;G479;PESARO;1118;75;1043;794;70218,5;4776517,174;0,044
2021;AGE_C;PT;G713;PISTOIA;1199;92;1107;888;80204,5;5445841,049;0,049
2021;AGE_C;PV;G388;PAVIA;2273;155;2118;1792;123271;10453022,42;0,074
2021;AGE_C;PZ;G942;POTENZA;36;4;32;24;2842;106747,768;0,002
2021;AGE_C;RA;H199;RAVENNA;2355;94;2261;1536;119127,5;8955103,273;0,034
2021;AGE_C;RC;H224;REGGIO DI CALABRIA;1506;110;1396;1275;132748;5152194,807;0,027
2021;AGE_C;RE;H223;REGGIO NELL`EMILIA;3262;252;3010;1938;148454,5;10327914,18;0,057
2021;AGE_C;RG;H163;RAGUSA;401;50;351;287;29158;1123164,613;0,012
2021;AGE_C;RI;H282;RIETI;328;21;307;231;23516,5;1132081,743;0,019
2021;AGE_C;RM;H501;ROMA;44648;4935;39713;33088;2658007,5;328795954,8;0,061
2021;AGE_C;RN;H294;RIMINI;2461;235;2226;1508;122359;10212867,88;0,043
2021;AGE_C;RO;H620;ROVIGO;1057;49;1008;663;47883;3084940,364;0,064
2021;AGE_C;SA;H703;SALERNO;916;35;881;834;85888,5;6139874,259;0,035
2021;AGE_C;SI;I726;SIENA;672;89;583;488;45820,5;3548047,982;0,035
2021;AGE_C;SO;I829;SONDRIO;102;4;98;73;5738;314460,897;0,011
2021;AGE_C;SP;E463;LA SPEZIA;1597;32;1565;1466;113667;8562501,854;0,063
2021;AGE_C;SR;I754;SIRACUSA;560;49;511;491;51045,5;2404590,277;0,018
2021;AGE_C;SS;I452;SASSARI;835;105;730;648;55765;3302431,204;0,027
2021;AGE_C;SV;I480;SAVONA;784;10;774;727;61300;4345932,497;0,046
2021;AGE_C;TA;L049;TARANTO;1333;51;1282;1230;113184,5;5751331,116;0,033
2021;AGE_C;TE;L103;TERAMO;608;53;555;477;46498,5;2205480,197;0,045
2021;AGE_C;TN;L378;TRENTO;2368;380;1988;1317;113509;9200833,847;0,044
2021;AGE_C;TO;L219;TORINO;10563;343;10220;9533;723516,5;49915063,73;0,043
2021;AGE_C;TP;L331;TRAPANI;257;21;236;221;23242;935595,528;0,013
2021;AGE_C;TR;L117;TERNI;2060;81;1979;1627;134405;6671373,731;0,068
2021;AGE_C;TS;L424;TRIESTE;2801;205;2596;2149;158350,5;12437649,32;0,042
2021;AGE_C;TV;L407;TREVISO;1695;79;1616;958;82702,5;6500291,56;0,056
2021;AGE_C;UD;L483;UDINE;2462;130;2332;1490;119102;8058102,201;0,063
2021;AGE_C;VA;L682;VARESE;585;31;554;366;31669;2225666,82;0,018
2021;AGE_C;VB;L746;VERBANIA;213;9;204;170;11897;915673,189;0,019
2021;AGE_C;VC;L750;VERCELLI;365;37;328;265;22870;1179300,555;0,021
2021;AGE_C;VE;L736;VENEZIA;2517;144;2373;1760;151328;13126749,19;0,030
2021;AGE_C;VI;L840;VICENZA;2738;182;2556;1560;120251,5;8266409,927;0,060
2021;AGE_C;VR;L781;VERONA;7062;368;6694;4509;374055;31230910,74;0,074
2021;AGE_C;VT;M082;VITERBO;1068;87;981;767;65533;3548880,652;0,048
2021;AGE_C;VV;F537;VIBO VALENTIA;73;5;68;63;7378;267260;0,007
2021;AGE_S;AG;A089;AGRIGENTO;144;27;117;116;11421,5;417702;0,006
2021;AGE_S;AL;A182;ALESSANDRIA;357;66;291;256;16880,5;1103583,431;0,010
2021;AGE_S;AN;A271;ANCONA;1371;340;1031;962;95724,5;6809996,888;0,046
2021;AGE_S;AO;A326;AOSTA;31;8;23;20;1854;145655,176;0,002
2021;AGE_S;AP;A462;ASCOLI PICENO;350;146;204;191;18891;1049873,418;0,019
2021;AGE_S;AQ;A345;L`AQUILA;3855;1742;2113;1704;169851,5;8924080,86;0,055
2021;AGE_S;AR;A390;AREZZO;236;114;122;105;9292,5;580913,734;0,006
2021;AGE_S;AT;A479;ASTI;161;32;129;119;7744,5;518795,078;0,006
2021;AGE_S;AV;A509;AVELLINO;141;24;117;103;9006;484219,381;0,009
2021;AGE_S;BA;A662;BARI;3441;2594;847;784;80109;4122400,487;0,012
2021;AGE_S;BG;A794;BERGAMO;374;212;162;134;11351,5;766508,19;0,004
2021;AGE_S;BI;A859;BIELLA;51;2;49;39;2881;174602,697;0,003
2021;AGE_S;BL;A757;BELLUNO;55;12;43;36;2575;190183,934;0,004
2021;AGE_S;BN;A783;BENEVENTO;232;134;98;95;9437,5;425660;0,008
2021;AGE_S;BO;A944;BOLOGNA;1990;1182;808;727;63933,5;5884499,339;0,007
2021;AGE_S;BR;B180;BRINDISI;80;21;59;50;5421;304347,872;0,003
2021;AGE_S;BS;B157;BRESCIA;333;191;142;104;10740,5;571538,766;0,002
2021;AGE_S;BZ;A952;BOLZANO;445;237;208;164;16551;1433015,125;0,006
2021;AGE_S;CA;B354;CAGLIARI;2418;1851;567;482;50960;3451582,557;0,017
2021;AGE_S;CB;B519;CAMPOBASSO;609;372;237;221;22310;1012747,834;0,022
2021;AGE_S;CE;B963;CASERTA;459;177;282;218;19863;1086875,862;0,012
2021;AGE_S;CH;C632;CHIETI;2957;1608;1349;1244;110474;7342825,158;0,107
2021;AGE_S;CL;B429;CALTANISSETTA;172;95;77;77;6637;273538,182;0,004
2021;AGE_S;CN;D205;CUNEO;41;12;29;25;1599;101737,167;0,002
2021;AGE_S;CO;C933;COMO;99;36;63;47;3580;350610,486;0,002
2021;AGE_S;CR;D150;CREMONA;260;49;211;188;14569;987365,389;0,010
2021;AGE_S;CS;D086;COSENZA;127;44;83;79;7785;380374,042;0,005
2021;AGE_S;CT;C351;CATANIA;3307;2529;778;714;67033;3530948,471;0,009
2021;AGE_S;CZ;C352;CATANZARO;872;597;275;271;24283,5;1554046,788;0,014
2021;AGE_S;EN;C342;ENNA;1301;1221;80;77;7086,5;288121,429;0,009
2021;AGE_S;FE;D548;FERRARA;2584;730;1854;1621;133810,5;10673571,15;0,052
2021;AGE_S;FG;D643;FOGGIA;319;219;100;88;9928,5;457389,699;0,003
2021;AGE_S;FI;D612;FIRENZE;3357;1364;1993;1891;164401;17582185,87;0,022
2021;AGE_S;FO;D704;FORLI;1726;1262;464;353;33246;2069933,82;0,016
2021;AGE_S;FR;D810;FROSINONE;228;91;137;129;10951;630801,476;0,014
2021;AGE_S;GE;D969;GENOVA;2589;973;1616;1487;119713;10492004,03;0,012
2021;AGE_S;GO;E098;GORIZIA;293;152;141;31;2472;150650,462;0,004
2021;AGE_S;GR;E202;GROSSETO;94;10;84;70;4865;442780,572;0,004
2021;AGE_S;IM;E290;IMPERIA;87;6;81;74;4699;433440,699;0,005
2021;AGE_S;IS;E335;ISERNIA;99;40;59;52;4289;172140;0,011
2021;AGE_S;KR;D122;CROTONE;30;3;27;27;3020;140790,857;0,002
2021;AGE_S;LC;E507;LECCO;256;122;134;99;8003;629072,552;0,009
2021;AGE_S;LE;E506;LECCE;1320;767;553;475;46985;2652758,879;0,020
2021;AGE_S;LI;E625;LIVORNO;60;4;56;47;4750,5;428189,589;0,002
2021;AGE_S;LO;E648;LODI;25;9;16;14;945;66871,151;0,001
2021;AGE_S;LT;E472;LATINA;434;269;165;130;10882;728306,797;0,006
2021;AGE_S;LU;E715;LUCCA;169;25;144;125;11679,5;977707,488;0,006
2021;AGE_S;MC;E783;MACERATA;1705;928;777;731;60184,5;4183890,604;0,077
2021;AGE_S;ME;F158;MESSINA;1610;1123;487;470;45853;2548879,128;0,008
2021;AGE_S;MI;F205;MILANO;2759;1465;1294;1184;84612,5;10714866,3;0,003
2021;AGE_S;MN;E897;MANTOVA;170;38;132;110;9214;589480,877;0,007
2021;AGE_S;MO;F257;MODENA;752;389;363;266;20778;1737509,574;0,006
2021;AGE_S;MS;F023;MASSA;85;14;71;64;6143,5;524260,285;0,003
2021;AGE_S;MT;F052;MATERA;396;287;109;102;9322;545181,97;0,010
2021;AGE_S;NA;F839;NAPOLI;2278;1406;872;848;75384,5;6749423,414;0,004
2021;AGE_S;NO;F952;NOVARA;491;269;222;191;15706,5;982498,48;0,008
2021;AGE_S;NU;F979;NUORO;18;11;7;7;701;15912;0,001
2021;AGE_S;OR;G113;ORISTANO;96;47;49;39;3575,5;222232,528;0,006
2021;AGE_S;PA;G273;PALERMO;2052;1252;800;781;77742,5;4363496,537;0,005
2021;AGE_S;PC;G535;PIACENZA;515;125;390;340;28449,5;1967783,185;0,013
2021;AGE_S;PD;G224;PADOVA;3806;1754;2052;1487;144882;11759853,63;0,033
2021;AGE_S;PE;G482;PESCARA;2834;1711;1123;1031;97850;6529851,899;0,039
2021;AGE_S;PG;G478;PERUGIA;1970;579;1391;1272;110496;7320379,444;0,036
2021;AGE_S;PI;G702;PISA;664;326;338;289;27183,5;2245071,713;0,011
2021;AGE_S;PN;G888;PORDENONE;126;53;73;46;3191;247947,236;0,004
2021;AGE_S;PO;G999;PRATO;126;40;86;71;6479;459902,234;0,003
2021;AGE_S;PR;G337;PARMA;1334;677;657;582;46075;3506429,763;0,012
2021;AGE_S;PS;G479;PESARO;186;25;161;143;12187,5;923947,917;0,008
2021;AGE_S;PT;G713;PISTOIA;103;22;81;72;6481;427496,802;0,004
2021;AGE_S;PV;G388;PAVIA;2868;1011;1857;1748;118332,5;11213419,35;0,072
2021;AGE_S;PZ;G942;POTENZA;78;37;41;32;3584;105807,273;0,003
2021;AGE_S;RA;H199;RAVENNA;515;167;348;279;24166;1926641,135;0,006
2021;AGE_S;RC;H224;REGGIO DI CALABRIA;448;197;251;234;23840;1113040,79;0,005
2021;AGE_S;RE;H223;REGGIO NELL`EMILIA;862;574;288;242;19720;1196390,04;0,007
2021;AGE_S;RG;H163;RAGUSA;121;67;54;42;3678;162149,226;0,002
2021;AGE_S;RI;H282;RIETI;171;79;92;62;6412;284583,768;0,005
2021;AGE_S;RM;H501;ROMA;20182;12149;8033;7526;592047;83006596,07;0,014
2021;AGE_S;RN;H294;RIMINI;570;279;291;234;20872;1651585,517;0,007
2021;AGE_S;RO;H620;ROVIGO;146;82;64;47;3030;207175,131;0,005
2021;AGE_S;SA;H703;SALERNO;261;77;184;177;18252;1355729,563;0,007
2021;AGE_S;SI;I726;SIENA;1394;695;699;644;63960,5;5345172,134;0,046
2021;AGE_S;SO;I829;SONDRIO;12;2;10;9;622;35876;0,001
2021;AGE_S;SP;E463;LA SPEZIA;281;24;257;246;19313,5;1729212,843;0,011
2021;AGE_S;SR;I754;SIRACUSA;213;57;156;151;13916;826898,75;0,006
2021;AGE_S;SS;I452;SASSARI;1851;1413;438;403;39527,5;1947757,444;0,017
2021;AGE_S;SV;I480;SAVONA;164;39;125;120;8799;769662,928;0,008
2021;AGE_S;TA;L049;TARANTO;230;63;167;160;13773,5;864148,866;0,004
2021;AGE_S;TE;L103;TERAMO;917;519;398;370;44772,5;1870590,084;0,035
2021;AGE_S;TN;L378;TRENTO;1650;1025;625;523;53391;4151720,402;0,017
2021;AGE_S;TO;L219;TORINO;5782;1609;4173;4014;308182;23887897,46;0,018
2021;AGE_S;TP;L331;TRAPANI;78;19;59;57;5169,5;304744;0,003
2021;AGE_S;TR;L117;TERNI;333;75;258;216;18535,5;957364,41;0,009
2021;AGE_S;TS;L424;TRIESTE;2678;1197;1481;1255;104222;8891237,031;0,025
2021;AGE_S;TV;L407;TREVISO;290;148;142;93;8383,5;638943,92;0,005
2021;AGE_S;UD;L483;UDINE;1201;635;566;432;40481;2564374,001;0,018
2021;AGE_S;VA;L682;VARESE;142;79;63;48;3502,5;268366,458;0,002
2021;AGE_S;VB;L746;VERBANIA;28;2;26;25;1748;154423,84;0,003
2021;AGE_S;VC;L750;VERCELLI;21;0;21;19;1613;82495;0,002
2021;AGE_S;VE;L736;VENEZIA;2028;764;1264;1109;97375,5;10421524,07;0,019
2021;AGE_S;VI;L840;VICENZA;321;145;176;127;10368;808060,361;0,005
2021;AGE_S;VR;L781;VERONA;3549;1522;2027;1658;140821,5;13010716,92;0,027
2021;AGE_S;VT;M082;VITERBO;695;244;451;398;32896,5;2038685,597;0,025
2021;AGE_S;VV;F537;VIBO VALENTIA;10;2;8;8;676;33932,727;0,001
2021;ORD_L;AG;A089;AGRIGENTO;190;11;179;161;17157,5;545353,654;0,008
2021;ORD_L;AL;A182;ALESSANDRIA;978;91;887;749;60900;2675596,717;0,030
2021;ORD_L;AN;A271;ANCONA;536;54;482;411;31756,5;2190641,798;0,020
2021;ORD_L;AO;A326;AOSTA;868;43;825;661;48488,5;3381333,286;0,064
2021;ORD_L;AP;A462;ASCOLI PICENO;155;14;141;104;9578,5;472175,502;0,010
2021;ORD_L;AQ;A345;L`AQUILA;188;17;171;112;10237;543987,841;0,004
2021;ORD_L;AR;A390;AREZZO;398;39;359;258;21415,5;1103035,31;0,014
2021;ORD_L;AT;A479;ASTI;615;24;591;459;35643,5;1689156,338;0,023
2021;ORD_L;AV;A509;AVELLINO;226;39;187;148;16919,5;809887,643;0,013
2021;ORD_L;BA;A662;BARI;2671;299;2372;2059;158625;12139954,84;0,031
2021;ORD_L;BG;A794;BERGAMO;2555;147;2408;1720;136040,5;12357219,3;0,056
2021;ORD_L;BI;A859;BIELLA;816;35;781;584;49300;2367480,331;0,042
2021;ORD_L;BL;A757;BELLUNO;1127;99;1028;660;63031,5;9752362,065;0,064
2021;ORD_L;BN;A783;BENEVENTO;327;24;303;267;28793;1212688,776;0,023
2021;ORD_L;BO;A944;BOLOGNA;11754;2407;9347;8229;570560,5;71729406,2;0,078
2021;ORD_L;BR;B180;BRINDISI;471;24;447;386;37150;1778680,224;0,024
2021;ORD_L;BS;B157;BRESCIA;4629;387;4242;3182;240413,5;18822401,84;0,069
2021;ORD_L;BZ;A952;BOLZANO;667;205;462;358;28923,5;3306166,556;0,014
2021;ORD_L;CA;B354;CAGLIARI;1273;205;1068;832;71422;6505919,373;0,029
2021;ORD_L;CB;B519;CAMPOBASSO;331;53;278;199;19954,5;779453,078;0,020
2021;ORD_L;CE;B963;CASERTA;621;39;582;425;50072,5;2215777,333;0,023
2021;ORD_L;CH;C632;CHIETI;115;15;100;68;6465,5;270642,645;0,006
2021;ORD_L;CL;B429;CALTANISSETTA;482;29;453;413;39352;1373165,463;0,023
2021;ORD_L;CN;D205;CUNEO;1159;47;1112;850;67609,5;3972825,451;0,054
2021;ORD_L;CO;C933;COMO;2042;149;1893;1444;112790;11843311,54;0,066
2021;ORD_L;CR;D150;CREMONA;916;41;875;670;51864,5;3118774,35;0,034
2021;ORD_L;CS;D086;COSENZA;520;34;486;374;35100;1587758,492;0,024
2021;ORD_L;CT;C351;CATANIA;2505;311;2194;1986;176926,5;9468491,284;0,026
2021;ORD_L;CZ;C352;CATANZARO;648;41;607;542;46714,5;2273197,584;0,028
2021;ORD_L;EN;C342;ENNA;70;4;66;37;4047,5;138329,766;0,004
2021;ORD_L;FE;D548;FERRARA;1447;218;1229;886;72710;5396701,952;0,029
2021;ORD_L;FG;D643;FOGGIA;1020;113;907;794;59053;3287279,878;0,031
2021;ORD_L;FI;D612;FIRENZE;6402;1108;5294;4817;364427,5;45947179,95;0,057
2021;ORD_L;FO;D704;FORLI;998;101;897;648;49089;3244911,809;0,029
2021;ORD_L;FR;D810;FROSINONE;293;26;267;243;22881;1275777,13;0,026
2021;ORD_L;GE;D969;GENOVA;4562;132;4430;3513;293758;12778190,56;0,029
2021;ORD_L;GO;E098;GORIZIA;181;9;172;16;1433;78990,888;0,002
2021;ORD_L;GR;E202;GROSSETO;338;24;314;233;17866,5;1105637,996;0,012
2021;ORD_L;IM;E290;IMPERIA;160;5;155;120;9115;589709,263;0,008
2021;ORD_L;IS;E335;ISERNIA;102;7;95;80;9436,5;470121,811;0,017
2021;ORD_L;KR;D122;CROTONE;307;8;299;205;19647;790436,66;0,018
2021;ORD_L;LC;E507;LECCO;620;53;567;429;33229,5;2728956,726;0,037
2021;ORD_L;LE;E506;LECCE;950;150;800;623;59280,5;3469447,174;0,026
2021;ORD_L;LI;E625;LIVORNO;1526;66;1460;1283;94510,5;7636258,654;0,049
2021;ORD_L;LO;E648;LODI;956;46;910;719;50522;4266438,487;0,069
2021;ORD_L;LT;E472;LATINA;945;82;863;567;45136;3238198,936;0,025
2021;ORD_L;LU;E715;LUCCA;985;85;900;697;61429,5;4737227,223;0,036
2021;ORD_L;MC;E783;MACERATA;194;16;178;120;9597;520859,823;0,013
2021;ORD_L;ME;F158;MESSINA;1229;87;1142;1008;90707;4293688,76;0,017
2021;ORD_L;MI;F205;MILANO;53441;8512;44929;39297;2700962;445546794;0,103
2021;ORD_L;MN;E897;MANTOVA;1184;209;975;779;63009;4163681,402;0,050
2021;ORD_L;MO;F257;MODENA;3238;1530;1708;1152;104793,5;10079287,32;0,028
2021;ORD_L;MS;F023;MASSA;176;10;166;147;13712,5;913486,007;0,008
2021;ORD_L;MT;F052;MATERA;225;17;208;149;14543;740469,127;0,014
2021;ORD_L;NA;F839;NAPOLI;9000;594;8406;7971;595423;45783966,39;0,036
2021;ORD_L;NO;F952;NOVARA;1587;61;1526;1165;84573;5656661,992;0,051
2021;ORD_L;NU;F979;NUORO;261;27;234;201;18377,5;956120,684;0,031
2021;ORD_L;OR;G113;ORISTANO;247;16;231;126;10105;701324,062;0,020
2021;ORD_L;PA;G273;PALERMO;5787;538;5249;4984;437196;25698712,85;0,033
2021;ORD_L;PC;G535;PIACENZA;1989;139;1850;1462;108056;7133018,866;0,057
2021;ORD_L;PD;G224;PADOVA;4147;953;3194;2407;178817;15955290,56;0,053
2021;ORD_L;PE;G482;PESCARA;561;41;520;336;33208,5;2101139,065;0,013
2021;ORD_L;PG;G478;PERUGIA;1672;276;1396;1116;89560,5;5278570,219;0,032
2021;ORD_L;PI;G702;PISA;5758;2927;2831;2496;194535;17953123,13;0,092
2021;ORD_L;PN;G888;PORDENONE;894;30;864;468;45160,5;2749047,138;0,045
2021;ORD_L;PO;G999;PRATO;2564;242;2322;1776;159913;14470880,67;0,068
2021;ORD_L;PR;G337;PARMA;7380;1084;6296;4778;353581;31888088,27;0,100
2021;ORD_L;PS;G479;PESARO;456;63;393;277;24748,5;1859274,405;0,015
2021;ORD_L;PT;G713;PISTOIA;381;67;314;251;22396,5;1375423,462;0,014
2021;ORD_L;PV;G388;PAVIA;975;93;882;757;48970,5;4375365,18;0,031
2021;ORD_L;PZ;G942;POTENZA;487;50;437;376;32788,5;1692145,067;0,031
2021;ORD_L;RA;H199;RAVENNA;956;131;825;585;47651,5;3384207,817;0,013
2021;ORD_L;RC;H224;REGGIO DI CALABRIA;703;66;637;481;49349,5;1965393,028;0,010
2021;ORD_L;RE;H223;REGGIO NELL`EMILIA;2158;535;1623;1186;87009,5;6274529,427;0,035
2021;ORD_L;RG;H163;RAGUSA;440;48;392;324;32014;1173833,678;0,013
2021;ORD_L;RI;H282;RIETI;378;61;317;235;21264,5;1097344,324;0,020
2021;ORD_L;RM;H501;ROMA;19889;3599;16290;13547;1073900;135281305,4;0,025
2021;ORD_L;RN;H294;RIMINI;1198;169;1029;716;53751,5;4511370,48;0,020
2021;ORD_L;RO;H620;ROVIGO;328;9;319;189;15257;815332,297;0,018
2021;ORD_L;SA;H703;SALERNO;621;52;569;525;47565;3676279,808;0,022
2021;ORD_L;SI;I726;SIENA;1172;394;778;672;55024,5;5112254,037;0,048
2021;ORD_L;SO;I829;SONDRIO;638;20;618;453;31279,5;2148087,956;0,065
2021;ORD_L;SP;E463;LA SPEZIA;504;19;485;418;32187;2174047,792;0,018
2021;ORD_L;SR;I754;SIRACUSA;570;36;534;479;46701,5;2159482,048;0,017
2021;ORD_L;SS;I452;SASSARI;736;88;648;570;42678,5;2838021,08;0,024
2021;ORD_L;SV;I480;SAVONA;408;7;401;345;27173;1786436,247;0,022
2021;ORD_L;TA;L049;TARANTO;991;42;949;833;71851;3438993,19;0,022
2021;ORD_L;TE;L103;TERAMO;100;9;91;68;6853;285903;0,006
2021;ORD_L;TN;L378;TRENTO;3241;989;2252;1441;124711,5;9907743,709;0,048
2021;ORD_L;TO;L219;TORINO;18950;1940;17010;15623;1036492,5;94369125,49;0,070
2021;ORD_L;TP;L331;TRAPANI;563;60;503;459;45237,5;1896926,695;0,028
2021;ORD_L;TR;L117;TERNI;431;27;404;346;27240,5;1426087,061;0,015
2021;ORD_L;TS;L424;TRIESTE;1762;87;1675;1189;78686,5;5631688,991;0,023
2021;ORD_L;TV;L407;TREVISO;938;79;859;515;49672,5;3961952,132;0,030
2021;ORD_L;UD;L483;UDINE;1139;93;1046;633;49516;3504581,383;0,027
2021;ORD_L;VA;L682;VARESE;2152;144;2008;1411;112069,5;9447157,995;0,068
2021;ORD_L;VB;L746;VERBANIA;583;42;541;427;32029,5;2298444,427;0,047
2021;ORD_L;VC;L750;VERCELLI;747;45;702;577;43391;2364242,324;0,046
2021;ORD_L;VE;L736;VENEZIA;5129;253;4876;3263;287470;15723310,22;0,055
2021;ORD_L;VI;L840;VICENZA;2323;186;2137;1323;136354;11433387,1;0,051
2021;ORD_L;VR;L781;VERONA;2413;239;2174;1497;124919;9163834,06;0,025
2021;ORD_L;VT;M082;VITERBO;476;39;437;341;28279;1556287,729;0,021
2021;ORD_L;VV;F537;VIBO VALENTIA;207;13;194;141;14817;543227,782;0,017
2021;ORD_T;AG;A089;AGRIGENTO;292;48;244;227;19627,5;837716,924;0,012
2021;ORD_T;AL;A182;ALESSANDRIA;987;132;855;764;51468,5;3114032,433;0,031
2021;ORD_T;AN;A271;ANCONA;1084;449;635;579;52082;3843209,671;0,028
2021;ORD_T;AO;A326;AOSTA;305;49;256;232;17151,5;1289448,374;0,023
2021;ORD_T;AP;A462;ASCOLI PICENO;412;146;266;241;20874;1269183,946;0,024
2021;ORD_T;AQ;A345;L`AQUILA;1256;410;846;691;70752,5;3458515,629;0,022
2021;ORD_T;AR;A390;AREZZO;336;114;222;181;15499;903436,101;0,009
2021;ORD_T;AT;A479;ASTI;282;33;249;212;13193,5;882750,94;0,010
2021;ORD_T;AV;A509;AVELLINO;221;54;167;147;13266;731023,33;0,013
2021;ORD_T;BA;A662;BARI;5515;3336;2179;2005;165917;11335672,75;0,030
2021;ORD_T;BG;A794;BERGAMO;2173;1126;1047;902;67842;5840711,148;0,029
2021;ORD_T;BI;A859;BIELLA;452;88;364;310;20771,5;1333639,414;0,022
2021;ORD_T;BL;A757;BELLUNO;152;25;127;105;8808,5;578335,486;0,010
2021;ORD_T;BN;A783;BENEVENTO;610;328;282;256;24169,5;1102225,079;0,022
2021;ORD_T;BO;A944;BOLOGNA;5749;3250;2499;2340;174287,5;20781838,66;0,022
2021;ORD_T;BR;B180;BRINDISI;927;222;705;525;49609;2894763,445;0,033
2021;ORD_T;BS;B157;BRESCIA;1884;921;963;827;64695;5032775,712;0,018
2021;ORD_T;BZ;A952;BOLZANO;980;185;795;362;37205,5;1817547,076;0,014
2021;ORD_T;CA;B354;CAGLIARI;4737;2977;1760;1400;125362;9137795,339;0,049
2021;ORD_T;CB;B519;CAMPOBASSO;1469;720;749;663;64867;2666105,43;0,065
2021;ORD_T;CE;B963;CASERTA;627;220;407;330;26853,5;1588087,247;0,018
2021;ORD_T;CH;C632;CHIETI;705;356;349;323;28172;1592148,094;0,028
2021;ORD_T;CL;B429;CALTANISSETTA;703;170;533;512;40937;1451722,13;0,028
2021;ORD_T;CN;D205;CUNEO;501;84;417;379;25286,5;1815641,233;0,024
2021;ORD_T;CO;C933;COMO;1346;448;898;745;54487;6792332,162;0,034
2021;ORD_T;CR;D150;CREMONA;450;137;313;290;19686,5;1576235,803;0,015
2021;ORD_T;CS;D086;COSENZA;468;133;335;310;27081;1338852,644;0,020
2021;ORD_T;CT;C351;CATANIA;3503;2140;1363;1270;108987;6271148,21;0,017
2021;ORD_T;CZ;C352;CATANZARO;1183;741;442;418;34816;1916758,425;0,021
2021;ORD_T;EN;C342;ENNA;364;261;103;73;7426;290058,457;0,008
2021;ORD_T;FE;D548;FERRARA;2234;1188;1046;904;70642,5;5360362,198;0,029
2021;ORD_T;FG;D643;FOGGIA;1236;490;746;625;45199,5;2615332,684;0,025
2021;ORD_T;FI;D612;FIRENZE;9828;4327;5501;5245;443651;60697217,93;0,062
2021;ORD_T;FO;D704;FORLI;1344;746;598;480;38150;2572347,515;0,021
2021;ORD_T;FR;D810;FROSINONE;524;175;349;321;25903;1616627,437;0,034
2021;ORD_T;GE;D969;GENOVA;4069;1209;2860;2458;212656,5;19387191,69;0,020
2021;ORD_T;GO;E098;GORIZIA;161;79;82;17;1456;86285,397;0,002
2021;ORD_T;GR;E202;GROSSETO;325;52;273;242;18270,5;2388434,191;0,013
2021;ORD_T;IM;E290;IMPERIA;196;12;184;161;12015,5;985637,348;0,010
2021;ORD_T;IS;E335;ISERNIA;344;116;228;206;15352,5;758491,537;0,043
2021;ORD_T;KR;D122;CROTONE;140;12;128;114;10526;613322,884;0,010
2021;ORD_T;LC;E507;LECCO;480;183;297;233;18441;1424110,109;0,020
2021;ORD_T;LE;E506;LECCE;3180;1740;1440;1258;123426;6488337,262;0,052
2021;ORD_T;LI;E625;LIVORNO;937;146;791;716;54869,5;4843040,603;0,027
2021;ORD_T;LO;E648;LODI;293;125;168;147;9392;836730,197;0,014
2021;ORD_T;LT;E472;LATINA;750;325;425;354;28325,5;2031212,23;0,015
2021;ORD_T;LU;E715;LUCCA;540;146;394;359;36918;3168050,415;0,018
2021;ORD_T;MC;E783;MACERATA;737;319;418;385;31444;1866228,244;0,041
2021;ORD_T;ME;F158;MESSINA;1858;902;956;877;79776,5;4297773,823;0,015
2021;ORD_T;MI;F205;MILANO;35834;14890;20944;19735;1312615;205666885,6;0,051
2021;ORD_T;MN;E897;MANTOVA;905;326;579;509;36224,5;2697354,566;0,033
2021;ORD_T;MO;F257;MODENA;1397;975;422;334;31071;2429074,546;0,008
2021;ORD_T;MS;F023;MASSA;498;46;452;357;35502;5818440,838;0,019
2021;ORD_T;MT;F052;MATERA;287;108;179;152;13638,5;1191675,732;0,014
2021;ORD_T;NA;F839;NAPOLI;4642;2375;2267;2108;168421;14828552,83;0,010
2021;ORD_T;NO;F952;NOVARA;1214;447;767;670;47558,5;3599670,843;0,029
2021;ORD_T;NU;F979;NUORO;251;61;190;165;13947;769874,138;0,026
2021;ORD_T;OR;G113;ORISTANO;354;124;230;142;11779,5;867720,817;0,022
2021;ORD_T;PA;G273;PALERMO;5165;2314;2851;2727;240893;16190253,74;0,018
2021;ORD_T;PC;G535;PIACENZA;960;303;657;546;40177;3020281,403;0,021
2021;ORD_T;PD;G224;PADOVA;3685;2123;1562;1267;105426;9411517,151;0,028
2021;ORD_T;PE;G482;PESCARA;1521;746;775;695;67250,5;3998937,119;0,026
2021;ORD_T;PG;G478;PERUGIA;2414;1112;1302;1193;90562,5;5962950,143;0,034
2021;ORD_T;PI;G702;PISA;2862;1603;1259;1091;92827;11401653,8;0,040
2021;ORD_T;PN;G888;PORDENONE;343;118;225;157;13512;937109,365;0,015
2021;ORD_T;PO;G999;PRATO;512;184;328;281;26732;2061733,487;0,011
2021;ORD_T;PR;G337;PARMA;2457;1092;1365;1133;83550,5;6751883,181;0,024
2021;ORD_T;PS;G479;PESARO;383;111;272;232;20938;2419656,6;0,013
2021;ORD_T;PT;G713;PISTOIA;261;64;197;167;14221,5;1050501,72;0,009
2021;ORD_T;PV;G388;PAVIA;1019;394;625;582;36483,5;3305368,266;0,024
2021;ORD_T;PZ;G942;POTENZA;843;466;377;338;30699;1582573,321;0,028
2021;ORD_T;RA;H199;RAVENNA;1754;314;1440;1192;83107,5;12150468,66;0,026
2021;ORD_T;RC;H224;REGGIO DI CALABRIA;584;206;378;314;30596;1365360,142;0,007
2021;ORD_T;RE;H223;REGGIO NELL`EMILIA;985;443;542;453;35783,5;2492366,277;0,013
2021;ORD_T;RG;H163;RAGUSA;1148;333;815;658;55950,5;2204676,138;0,026
2021;ORD_T;RI;H282;RIETI;291;81;210;157;14000,5;727384,426;0,013
2021;ORD_T;RM;H501;ROMA;22162;13333;8829;8014;641070,5;85013619,97;0,015
2021;ORD_T;RN;H294;RIMINI;1237;587;650;548;42836;4073866,251;0,016
2021;ORD_T;RO;H620;ROVIGO;143;41;102;73;6469;368178,541;0,007
2021;ORD_T;SA;H703;SALERNO;788;422;366;343;32819,5;2406707,474;0,014
2021;ORD_T;SI;I726;SIENA;2811;1641;1170;1068;92585,5;7960050;0,076
2021;ORD_T;SO;I829;SONDRIO;163;17;146;123;7985;506138,658;0,018
2021;ORD_T;SP;E463;LA SPEZIA;730;71;659;614;46634,5;4629070,203;0,026
2021;ORD_T;SR;I754;SIRACUSA;942;197;745;689;56324;3827680,417;0,025
2021;ORD_T;SS;I452;SASSARI;1643;909;734;672;60068,5;3077330,17;0,028
2021;ORD_T;SV;I480;SAVONA;315;24;291;265;20552,5;1739785,297;0,017
2021;ORD_T;TA;L049;TARANTO;691;136;555;525;39620;2813723,929;0,014
2021;ORD_T;TE;L103;TERAMO;293;112;181;158;15232,5;768779,766;0,015
2021;ORD_T;TN;L378;TRENTO;2871;1883;988;782;75984,5;5403941,274;0,026
2021;ORD_T;TO;L219;TORINO;13557;5676;7881;7432;498116,5;45138109,37;0,033
2021;ORD_T;TP;L331;TRAPANI;806;127;679;636;46444,5;3694169,135;0,038
2021;ORD_T;TR;L117;TERNI;444;65;379;338;26640,5;1454294,883;0,014
2021;ORD_T;TS;L424;TRIESTE;1640;588;1052;717;50954,5;4659166,596;0,014
2021;ORD_T;TV;L407;TREVISO;837;264;573;386;32776;2519443,076;0,023
2021;ORD_T;UD;L483;UDINE;1104;487;617;483;43573,5;3011200,848;0,020
2021;ORD_T;VA;L682;VARESE;667;202;465;368;28024,5;2290248,962;0,018
2021;ORD_T;VB;L746;VERBANIA;528;51;477;403;26954;2283423,791;0,044
2021;ORD_T;VC;L750;VERCELLI;485;37;448;419;26838;1732791,358;0,034
2021;ORD_T;VE;L736;VENEZIA;4653;1368;3285;2937;257407,5;30973349,97;0,049
2021;ORD_T;VI;L840;VICENZA;836;378;458;365;30695;2472107,597;0,014
2021;ORD_T;VR;L781;VERONA;2533;1120;1413;1189;96148,5;8651771,269;0,020
2021;ORD_T;VT;M082;VITERBO;852;271;581;518;39478;2380631,961;0,032
2021;ORD_T;VV;F537;VIBO VALENTIA;176;14;162;141;12355,5;534496,342;0,017
2022;AGE_C;AG;A089;AGRIGENTO;416;61;355;344;36871,5;1296212,478;0,018
2022;AGE_C;AL;A182;ALESSANDRIA;1785;71;1714;1385;110437,5;5840249,295;0,056
2022;AGE_C;AN;A271;ANCONA;1836;134;1702;1465;118762;8648387,388;0,070
2022;AGE_C;AO;A326;AOSTA;284;11;273;182;16002;1017174,443;0,018
2022;AGE_C;AP;A462;ASCOLI PICENO;366;31;335;288;27044,5;1552878,685;0,028
2022;AGE_C;AQ;A345;L`AQUILA;881;89;792;577;56943;2899492,245;0,019
2022;AGE_C;AR;A390;AREZZO;1692;97;1595;1111;98224,5;6281009,486;0,059
2022;AGE_C;AT;A479;ASTI;1643;35;1608;1261;94992;5409759,423;0,062
2022;AGE_C;AV;A509;AVELLINO;450;29;421;357;37752;1810260,194;0,032
2022;AGE_C;BA;A662;BARI;1329;142;1187;982;92116,5;6108480,654;0,015
2022;AGE_C;BG;A794;BERGAMO;1660;99;1561;1046;87283,5;7359782,09;0,034
2022;AGE_C;BI;A859;BIELLA;617;14;603;453;36720,5;1978056,638;0,033
2022;AGE_C;BL;A757;BELLUNO;783;52;731;505;41714,5;2802166,212;0,049
2022;AGE_C;BN;A783;BENEVENTO;295;37;258;228;24511;1065393,566;0,019
2022;AGE_C;BO;A944;BOLOGNA;4195;258;3937;3136;247318;22698160,54;0,030
2022;AGE_C;BR;B180;BRINDISI;99;6;93;80;8594,5;434711,297;0,005
2022;AGE_C;BS;B157;BRESCIA;1426;155;1271;893;80847,5;4947468,193;0,019
2022;AGE_C;BZ;A952;BOLZANO;2223;406;1817;1309;120041,5;12571456,48;0,051
2022;AGE_C;CA;B354;CAGLIARI;590;142;448;358;36239;2850702,89;0,013
2022;AGE_C;CB;B519;CAMPOBASSO;187;24;163;139;13532;646122,707;0,014
2022;AGE_C;CE;B963;CASERTA;919;42;877;611;69019,5;3195378,236;0,033
2022;AGE_C;CH;C632;CHIETI;559;55;504;449;40680;2035992,024;0,039
2022;AGE_C;CL;B429;CALTANISSETTA;233;22;211;202;20963;781543,815;0,011
2022;AGE_C;CN;D205;CUNEO;796;5;791;533;46819,5;2324954,169;0,034
2022;AGE_C;CO;C933;COMO;503;38;465;344;28197;2618528,489;0,016
2022;AGE_C;CR;D150;CREMONA;1299;22;1277;988;76810;5016359,049;0,051
2022;AGE_C;CS;D086;COSENZA;335;43;292;276;26993,5;1346407,435;0,018
2022;AGE_C;CT;C351;CATANIA;2521;295;2226;2029;191527,5;10655835,76;0,027
2022;AGE_C;CZ;C352;CATANZARO;523;61;462;454;40948;2113153,4;0,023
2022;AGE_C;EN;C342;ENNA;226;31;195;186;18992,5;699729,837;0,021
2022;AGE_C;FE;D548;FERRARA;3160;153;3007;2165;172350,5;12312565,21;0,070
2022;AGE_C;FG;D643;FOGGIA;427;38;389;321;32015;1514754,055;0,013
2022;AGE_C;FI;D612;FIRENZE;2474;246;2228;1995;179599,5;17334177,99;0,023
2022;AGE_C;FO;D704;FORLI;1625;104;1521;1015;86878;5547262,383;0,045
2022;AGE_C;FR;D810;FROSINONE;375;30;345;320;31312;1628223,079;0,034
2022;AGE_C;GE;D969;GENOVA;8157;217;7940;7311;595796,5;44209940,19;0,060
2022;AGE_C;GO;E098;GORIZIA;523;44;479;141;11938;793939,621;0,018
2022;AGE_C;GR;E202;GROSSETO;1177;78;1099;855;65812,5;5122915,737;0,044
2022;AGE_C;IM;E290;IMPERIA;954;29;925;827;64102;4723731,215;0,052
2022;AGE_C;IS;E335;ISERNIA;70;9;61;50;5268,5;213663,28;0,010
2022;AGE_C;KR;D122;CROTONE;294;9;285;263;25699,5;1185477,458;0,023
2022;AGE_C;LC;E507;LECCO;609;29;580;416;32859;2629140,531;0,036
2022;AGE_C;LE;E506;LECCE;476;75;401;319;32939;1831871,466;0,013
2022;AGE_C;LI;E625;LIVORNO;630;15;615;533;51337,5;3280488,164;0,020
2022;AGE_C;LO;E648;LODI;351;10;341;273;20169,5;1550164,415;0,027
2022;AGE_C;LT;E472;LATINA;1903;97;1806;1300;110006,5;7709491,023;0,057
2022;AGE_C;LU;E715;LUCCA;1046;43;1003;752;72909;5143786,117;0,039
2022;AGE_C;MC;E783;MACERATA;544;38;506;423;36801;2169439,391;0,044
2022;AGE_C;ME;F158;MESSINA;1323;105;1218;1140;103754,5;5476412,376;0,019
2022;AGE_C;MI;F205;MILANO;2519;336;2183;1922;141390;15699506,15;0,005
2022;AGE_C;MN;E897;MANTOVA;626;27;599;481;40717,5;2448922,216;0,031
2022;AGE_C;MO;F257;MODENA;3618;796;2822;1885;142555,5;11206217,04;0,046
2022;AGE_C;MS;F023;MASSA;600;29;571;505;46185,5;3418414,823;0,027
2022;AGE_C;MT;F052;MATERA;712;136;576;513;44644;2914068,652;0,048
2022;AGE_C;NA;F839;NAPOLI;7319;389;6930;6665;573634,5;49737522,6;0,030
2022;AGE_C;NO;F952;NOVARA;1521;47;1474;1069;83928,5;5764812,684;0,047
2022;AGE_C;NU;F979;NUORO;26;3;23;20;1905;91060;0,003
2022;AGE_C;OR;G113;ORISTANO;131;9;122;81;6808;416120,511;0,013
2022;AGE_C;PA;G273;PALERMO;5487;293;5194;5068;505253,5;28617785,77;0,033
2022;AGE_C;PC;G535;PIACENZA;1913;113;1800;1313;106295,5;6907532,56;0,051
2022;AGE_C;PD;G224;PADOVA;3721;384;3337;2137;183059,5;15571327,23;0,048
2022;AGE_C;PE;G482;PESCARA;1434;119;1315;1133;107290,5;6692280,593;0,043
2022;AGE_C;PG;G478;PERUGIA;3232;209;3023;2279;189143,5;10948933,63;0,064
2022;AGE_C;PI;G702;PISA;856;143;713;577;53229,5;4356588,246;0,021
2022;AGE_C;PN;G888;PORDENONE;1153;21;1132;642;48117,5;3427623,058;0,063
2022;AGE_C;PO;G999;PRATO;1016;47;969;711;71334;5344570,25;0,028
2022;AGE_C;PR;G337;PARMA;1485;90;1395;1009;84626;5643042,936;0,021
2022;AGE_C;PS;G479;PESARO;1025;86;939;711;62028;4358907,431;0,039
2022;AGE_C;PT;G713;PISTOIA;1074;103;971;805;71281;5066987,391;0,045
2022;AGE_C;PV;G388;PAVIA;2060;128;1932;1609;111140;9850198,806;0,067
2022;AGE_C;PZ;G942;POTENZA;200;5;195;154;23612;5923077,198;0,013
2022;AGE_C;RA;H199;RAVENNA;2165;99;2066;1397;108657,5;8339001,845;0,031
2022;AGE_C;RC;H224;REGGIO DI CALABRIA;1509;144;1365;1213;125550,5;5093841,516;0,025
2022;AGE_C;RE;H223;REGGIO NELL`EMILIA;3005;293;2712;1751;132469,5;9576316,419;0,052
2022;AGE_C;RG;H163;RAGUSA;361;38;323;277;28021;1056886,606;0,011
2022;AGE_C;RI;H282;RIETI;302;16;286;216;22294;1076991,578;0,018
2022;AGE_C;RM;H501;ROMA;43595;4613;38982;32265;2598867;333746748,4;0,060
2022;AGE_C;RN;H294;RIMINI;2277;225;2052;1399;112017,5;9502026,299;0,040
2022;AGE_C;RO;H620;ROVIGO;1103;57;1046;681;48800;3279140,493;0,067
2022;AGE_C;SA;H703;SALERNO;997;49;948;872;86025;6443645,976;0,037
2022;AGE_C;SI;I726;SIENA;571;72;499;408;39512;3150478,08;0,029
2022;AGE_C;SO;I829;SONDRIO;97;3;94;71;5262;303044,402;0,010
2022;AGE_C;SP;E463;LA SPEZIA;1533;34;1499;1420;111619;8577989,892;0,061
2022;AGE_C;SR;I754;SIRACUSA;525;36;489;463;47633,5;2323156,165;0,017
2022;AGE_C;SS;I452;SASSARI;831;102;729;659;56612,5;3472326,861;0,028
2022;AGE_C;SV;I480;SAVONA;740;8;732;687;55340,5;4253855,446;0,044
2022;AGE_C;TA;L049;TARANTO;1320;53;1267;1232;113785;5913587,126;0,033
2022;AGE_C;TE;L103;TERAMO;656;99;557;482;49880,5;2340464,395;0,045
2022;AGE_C;TN;L378;TRENTO;2406;444;1962;1229;105622;8864477,199;0,041
2022;AGE_C;TO;L219;TORINO;9357;299;9058;8423;626444;44014391,43;0,038
2022;AGE_C;TP;L331;TRAPANI;228;14;214;194;20275;857927,119;0,012
2022;AGE_C;TR;L117;TERNI;2183;76;2107;1707;141712;7155849,572;0,072
2022;AGE_C;TS;L424;TRIESTE;2705;189;2516;2080;154047;12555437,06;0,041
2022;AGE_C;TV;L407;TREVISO;1765;64;1701;1023;87430,5;7190859,745;0,060
2022;AGE_C;UD;L483;UDINE;2587;172;2415;1517;121242,5;8438046,125;0,064
2022;AGE_C;VA;L682;VARESE;499;35;464;309;24683,5;1810410,71;0,015
2022;AGE_C;VB;L746;VERBANIA;229;5;224;185;13980;1072071,146;0,020
2022;AGE_C;VC;L750;VERCELLI;394;24;370;302;25708,5;1395708,111;0,024
2022;AGE_C;VE;L736;VENEZIA;2327;127;2200;1626;139121;12370554,79;0,027
2022;AGE_C;VI;L840;VICENZA;2944;143;2801;1686;128004;9315211,459;0,065
2022;AGE_C;VR;L781;VERONA;6865;402;6463;4285;359533,5;30881360,46;0,070
2022;AGE_C;VT;M082;VITERBO;1035;58;977;786;69236;3814493,96;0,049
2022;AGE_C;VV;F537;VIBO VALENTIA;101;5;96;82;8498;356824,164;0,010
2022;AGE_S;AG;A089;AGRIGENTO;141;29;112;111;10342;411626,97;0,006
2022;AGE_S;AL;A182;ALESSANDRIA;479;90;389;345;23133;1452982,27;0,014
2022;AGE_S;AN;A271;ANCONA;1323;337;986;917;91456;6795998,81;0,044
2022;AGE_S;AO;A326;AOSTA;32;4;28;22;1974;124078,813;0,002
2022;AGE_S;AP;A462;ASCOLI PICENO;359;138;221;199;20409,5;1189100,935;0,019
2022;AGE_S;AQ;A345;L`AQUILA;4176;1822;2354;1924;192432,5;10712721,89;0,062
2022;AGE_S;AR;A390;AREZZO;259;132;127;96;9307;571801,678;0,005
2022;AGE_S;AT;A479;ASTI;170;22;148;131;8421,5;602406,928;0,006
2022;AGE_S;AV;A509;AVELLINO;165;44;121;110;8944;526205,135;0,010
2022;AGE_S;BA;A662;BARI;3656;2701;955;880;89446;5020361,114;0,013
2022;AGE_S;BG;A794;BERGAMO;455;269;186;151;13523;923413,612;0,005
2022;AGE_S;BI;A859;BIELLA;57;2;55;44;2964;190943,484;0,003
2022;AGE_S;BL;A757;BELLUNO;44;7;37;30;2331;153625,35;0,003
2022;AGE_S;BN;A783;BENEVENTO;271;144;127;119;10802;538480,563;0,010
2022;AGE_S;BO;A944;BOLOGNA;2016;1339;677;600;52660,5;5049910,401;0,006
2022;AGE_S;BR;B180;BRINDISI;64;11;53;46;4948;279934,33;0,003
2022;AGE_S;BS;B157;BRESCIA;324;176;148;109;10748,5;664947,811;0,002
2022;AGE_S;BZ;A952;BOLZANO;551;264;287;232;24996;2096916,451;0,009
2022;AGE_S;CA;B354;CAGLIARI;2612;2021;591;497;52243,5;3589754,486;0,017
2022;AGE_S;CB;B519;CAMPOBASSO;702;456;246;217;22190;1019352,685;0,021
2022;AGE_S;CE;B963;CASERTA;596;240;356;269;23172;1367726,006;0,015
2022;AGE_S;CH;C632;CHIETI;3042;1618;1424;1305;116669,5;7906997,818;0,112
2022;AGE_S;CL;B429;CALTANISSETTA;217;130;87;81;6823;246262;0,004
2022;AGE_S;CN;D205;CUNEO;21;8;13;12;845;52684,077;0,001
2022;AGE_S;CO;C933;COMO;102;35;67;52;4609;461860,35;0,002
2022;AGE_S;CR;D150;CREMONA;262;63;199;181;14325;1008731,165;0,009
2022;AGE_S;CS;D086;COSENZA;163;63;100;94;8491,5;491805,91;0,006
2022;AGE_S;CT;C351;CATANIA;3305;2627;678;636;60733;3286268,072;0,008
2022;AGE_S;CZ;C352;CATANZARO;1029;728;301;295;25320;1803625,316;0,015
2022;AGE_S;EN;C342;ENNA;1608;1491;117;116;10905;438270,909;0,013
2022;AGE_S;FE;D548;FERRARA;2235;642;1593;1395;115614;9535697,352;0,045
2022;AGE_S;FG;D643;FOGGIA;358;239;119;103;11652;552280,848;0,004
2022;AGE_S;FI;D612;FIRENZE;3165;1278;1887;1799;156637,5;17443534,39;0,021
2022;AGE_S;FO;D704;FORLI;1821;1267;554;421;39787;2614651,53;0,019
2022;AGE_S;FR;D810;FROSINONE;233;75;158;136;12131,5;688199,757;0,015
2022;AGE_S;GE;D969;GENOVA;2677;980;1697;1575;126956,5;11154007,65;0,013
2022;AGE_S;GO;E098;GORIZIA;300;159;141;32;2689;178050,303;0,004
2022;AGE_S;GR;E202;GROSSETO;102;19;83;77;5785;490040,583;0,004
2022;AGE_S;IM;E290;IMPERIA;98;9;89;85;5879;493522,144;0,005
2022;AGE_S;IS;E335;ISERNIA;107;55;52;48;4544;193241,846;0,010
2022;AGE_S;KR;D122;CROTONE;34;3;31;31;2804;160876,8;0,003
2022;AGE_S;LC;E507;LECCO;324;168;156;118;9069;741096,999;0,010
2022;AGE_S;LE;E506;LECCE;1447;818;629;561;57762;3271419,499;0,023
2022;AGE_S;LI;E625;LIVORNO;74;3;71;62;5960;522347,919;0,002
2022;AGE_S;LO;E648;LODI;27;8;19;19;1310;110602,857;0,002
2022;AGE_S;LT;E472;LATINA;533;335;198;154;12025;879903,58;0,007
2022;AGE_S;LU;E715;LUCCA;168;30;138;120;12291,5;1019440,249;0,006
2022;AGE_S;MC;E783;MACERATA;1890;1011;879;819;69897,5;4953037,265;0,086
2022;AGE_S;ME;F158;MESSINA;1668;1172;496;482;46771;2680263,809;0,008
2022;AGE_S;MI;F205;MILANO;2727;1566;1161;1068;74589,5;9551968,543;0,003
2022;AGE_S;MN;E897;MANTOVA;204;50;154;135;10287;689071,227;0,009
2022;AGE_S;MO;F257;MODENA;814;431;383;275;22432,5;1786380,658;0,007
2022;AGE_S;MS;F023;MASSA;105;14;91;80;7077,5;687772,461;0,004
2022;AGE_S;MT;F052;MATERA;387;260;127;112;10358;640413,8;0,010
2022;AGE_S;NA;F839;NAPOLI;2521;1637;884;851;74596,5;6633173,432;0,004
2022;AGE_S;NO;F952;NOVARA;622;345;277;233;17978,5;1272586,936;0,010
2022;AGE_S;NU;F979;NUORO;30;22;8;8;964;72960;0,001
2022;AGE_S;OR;G113;ORISTANO;89;54;35;29;2275;151789,864;0,005
2022;AGE_S;PA;G273;PALERMO;2183;1408;775;756;77073;4303112,225;0,005
2022;AGE_S;PC;G535;PIACENZA;532;142;390;341;28254,5;1973700,99;0,013
2022;AGE_S;PD;G224;PADOVA;3843;1810;2033;1458;148798;12744039,23;0,032
2022;AGE_S;PE;G482;PESCARA;2982;1813;1169;1077;100624;6773552,968;0,041
2022;AGE_S;PG;G478;PERUGIA;2143;719;1424;1304;114486;7770384,736;0,037
2022;AGE_S;PI;G702;PISA;584;279;305;259;25099;2070610,685;0,010
2022;AGE_S;PN;G888;PORDENONE;165;68;97;57;4101;323196,997;0,006
2022;AGE_S;PO;G999;PRATO;141;59;82;70;6745;520500,334;0,003
2022;AGE_S;PR;G337;PARMA;1282;672;610;533;42962;3271047,979;0,011
2022;AGE_S;PS;G479;PESARO;190;29;161;141;11209,5;906238,841;0,008
2022;AGE_S;PT;G713;PISTOIA;99;12;87;71;6474;491421,579;0,004
2022;AGE_S;PV;G388;PAVIA;2675;1169;1506;1416;99691,5;9766611,563;0,059
2022;AGE_S;PZ;G942;POTENZA;91;36;55;43;5929;543470,909;0,004
2022;AGE_S;RA;H199;RAVENNA;598;209;389;299;24588;2098298,818;0,007
2022;AGE_S;RC;H224;REGGIO DI CALABRIA;568;253;315;292;27611,5;1407900,497;0,006
2022;AGE_S;RE;H223;REGGIO NELL`EMILIA;891;592;299;241;20269;1318593,655;0,007
2022;AGE_S;RG;H163;RAGUSA;133;54;79;70;6030;261233,22;0,003
2022;AGE_S;RI;H282;RIETI;172;78;94;77;8191;409669,014;0,006
2022;AGE_S;RM;H501;ROMA;21381;12812;8569;7782;617893;89190536,85;0,014
2022;AGE_S;RN;H294;RIMINI;719;343;376;314;27934;2328559,046;0,009
2022;AGE_S;RO;H620;ROVIGO;179;105;74;59;4658;301053,789;0,006
2022;AGE_S;SA;H703;SALERNO;312;112;200;192;19686,5;1529978,394;0,008
2022;AGE_S;SI;I726;SIENA;1337;691;646;613;61845,5;5258144,533;0,044
2022;AGE_S;SO;I829;SONDRIO;20;2;18;11;838;45784,713;0,002
2022;AGE_S;SP;E463;LA SPEZIA;257;28;229;217;17320;1551213,644;0,009
2022;AGE_S;SR;I754;SIRACUSA;195;53;142;139;12778,5;854067,309;0,005
2022;AGE_S;SS;I452;SASSARI;1896;1492;404;371;37560,5;1824571,461;0,016
2022;AGE_S;SV;I480;SAVONA;147;26;121;114;8953;726622,421;0,007
2022;AGE_S;TA;L049;TARANTO;256;95;161;153;13171;904269,106;0,004
2022;AGE_S;TE;L103;TERAMO;1002;586;416;385;46167,5;2021455,142;0,036
2022;AGE_S;TN;L378;TRENTO;1894;1139;755;605;60504,5;5129133,291;0,020
2022;AGE_S;TO;L219;TORINO;5559;1496;4063;3888;291787,5;23231840,77;0,018
2022;AGE_S;TP;L331;TRAPANI;84;29;55;54;4466;246237,998;0,003
2022;AGE_S;TR;L117;TERNI;390;92;298;257;20907;1195921,24;0,011
2022;AGE_S;TS;L424;TRIESTE;2602;1186;1416;1158;96277,5;8460982,193;0,023
2022;AGE_S;TV;L407;TREVISO;371;193;178;130;12049;963825,968;0,008
2022;AGE_S;UD;L483;UDINE;954;531;423;331;29880;2154496,008;0,014
2022;AGE_S;VA;L682;VARESE;142;87;55;37;2876,5;223325,628;0,002
2022;AGE_S;VB;L746;VERBANIA;45;0;45;36;2370;203130,524;0,004
2022;AGE_S;VC;L750;VERCELLI;24;0;24;23;2083,5;117849,428;0,002
2022;AGE_S;VE;L736;VENEZIA;2237;879;1358;1201;104970;11695299,09;0,020
2022;AGE_S;VI;L840;VICENZA;365;193;172;126;9769;768251,853;0,005
2022;AGE_S;VR;L781;VERONA;3469;1537;1932;1582;134004,5;13198261,87;0,026
2022;AGE_S;VT;M082;VITERBO;745;274;471;415;36011,5;2187689,25;0,026
2022;AGE_S;VV;F537;VIBO VALENTIA;16;1;15;14;1317;58530;0,002
2022;ORD_L;AG;A089;AGRIGENTO;236;20;216;201;21044,5;790523,796;0,010
2022;ORD_L;AL;A182;ALESSANDRIA;1028;112;916;757;60278,5;2779153,428;0,031
2022;ORD_L;AN;A271;ANCONA;552;87;465;390;29603,5;2201651,041;0,019
2022;ORD_L;AO;A326;AOSTA;850;53;797;623;45986;3207980,43;0,060
2022;ORD_L;AP;A462;ASCOLI PICENO;172;17;155;113;10641;500949,345;0,011
2022;ORD_L;AQ;A345;L`AQUILA;228;23;205;141;13557,5;625796,521;0,005
2022;ORD_L;AR;A390;AREZZO;419;43;376;246;20295;1209725,919;0,013
2022;ORD_L;AT;A479;ASTI;575;20;555;445;34589,5;1619141,355;0,022
2022;ORD_L;AV;A509;AVELLINO;240;22;218;159;17566,5;780662,983;0,014
2022;ORD_L;BA;A662;BARI;2667;269;2398;2037;160170;12679087,29;0,031
2022;ORD_L;BG;A794;BERGAMO;2505;158;2347;1696;132186;12727193,68;0,055
2022;ORD_L;BI;A859;BIELLA;776;29;747;601;48643,5;2500461,667;0,043
2022;ORD_L;BL;A757;BELLUNO;271;12;259;172;15395,5;1069212,223;0,017
2022;ORD_L;BN;A783;BENEVENTO;362;46;316;278;29076;1368046,3;0,024
2022;ORD_L;BO;A944;BOLOGNA;13996;2509;11487;10133;750151;77976142,64;0,096
2022;ORD_L;BR;B180;BRINDISI;486;55;431;361;35238;1806493,473;0,023
2022;ORD_L;BS;B157;BRESCIA;4660;350;4310;3186;244213;19979910,58;0,069
2022;ORD_L;BZ;A952;BOLZANO;654;142;512;333;27831;3125926,604;0,013
2022;ORD_L;CA;B354;CAGLIARI;1196;224;972;782;69060;6640322,544;0,027
2022;ORD_L;CB;B519;CAMPOBASSO;340;50;290;200;18833;848005,134;0,020
2022;ORD_L;CE;B963;CASERTA;563;35;528;387;42897;1959535,625;0,021
2022;ORD_L;CH;C632;CHIETI;152;18;134;90;8666;363972,062;0,008
2022;ORD_L;CL;B429;CALTANISSETTA;435;33;402;367;34881,5;1251076,779;0,020
2022;ORD_L;CN;D205;CUNEO;1092;42;1050;772;62262,5;3704923,346;0,049
2022;ORD_L;CO;C933;COMO;1989;182;1807;1363;108663;11666201,32;0,063
2022;ORD_L;CR;D150;CREMONA;1084;56;1028;788;62587;3867349,914;0,041
2022;ORD_L;CS;D086;COSENZA;517;38;479;361;33864;1512222,148;0,023
2022;ORD_L;CT;C351;CATANIA;2491;283;2208;1988;176357;9699919,903;0,026
2022;ORD_L;CZ;C352;CATANZARO;627;45;582;504;44085,5;2206796,107;0,026
2022;ORD_L;EN;C342;ENNA;76;13;63;48;4738;162366,015;0,005
2022;ORD_L;FE;D548;FERRARA;1618;212;1406;967;76824,5;5471210,845;0,031
2022;ORD_L;FG;D643;FOGGIA;1012;101;911;748;56818,5;3208830,934;0,029
2022;ORD_L;FI;D612;FIRENZE;6118;1028;5090;4659;363460;49525151,46;0,055
2022;ORD_L;FO;D704;FORLI;1032;149;883;649;47076,5;3413912,597;0,029
2022;ORD_L;FR;D810;FROSINONE;276;30;246;217;20244;1138655,164;0,023
2022;ORD_L;GE;D969;GENOVA;3072;127;2945;2347;188421;11006760,04;0,019
2022;ORD_L;GO;E098;GORIZIA;113;13;100;26;2345;106322,944;0,003
2022;ORD_L;GR;E202;GROSSETO;314;24;290;230;17192;1118408,607;0,012
2022;ORD_L;IM;E290;IMPERIA;194;5;189;145;11563;653134,462;0,009
2022;ORD_L;IS;E335;ISERNIA;106;3;103;85;9354,5;401572,347;0,018
2022;ORD_L;KR;D122;CROTONE;288;12;276;197;20501;789399,968;0,017
2022;ORD_L;LC;E507;LECCO;619;58;561;415;35323,5;2631400,034;0,036
2022;ORD_L;LE;E506;LECCE;973;149;824;620;59996,5;3469710,156;0,026
2022;ORD_L;LI;E625;LIVORNO;1455;62;1393;1239;93090,5;7582254,566;0,047
2022;ORD_L;LO;E648;LODI;924;32;892;690;48964;4156198,525;0,067
2022;ORD_L;LT;E472;LATINA;766;58;708;549;45249;3281979,929;0,024
2022;ORD_L;LU;E715;LUCCA;838;52;786;605;56234,5;4776014,183;0,031
2022;ORD_L;MC;E783;MACERATA;197;19;178;150;12799,5;609421,595;0,016
2022;ORD_L;ME;F158;MESSINA;1019;50;969;887;76859;3761905,297;0,015
2022;ORD_L;MI;F205;MILANO;48393;8469;39924;35029;2391737,5;433163996,2;0,091
2022;ORD_L;MN;E897;MANTOVA;1196;105;1091;845;67875,5;4615790,508;0,054
2022;ORD_L;MO;F257;MODENA;3540;1443;2097;1292;118230;11897896,35;0,031
2022;ORD_L;MS;F023;MASSA;231;11;220;183;16117,5;1258551,049;0,010
2022;ORD_L;MT;F052;MATERA;390;26;364;200;18809;979421,287;0,019
2022;ORD_L;NA;F839;NAPOLI;7956;509;7447;7043;539914,5;43387829,62;0,032
2022;ORD_L;NO;F952;NOVARA;1439;55;1384;1078;78262,5;5431439,267;0,047
2022;ORD_L;NU;F979;NUORO;295;27;268;233;22263;1166254,799;0,036
2022;ORD_L;OR;G113;ORISTANO;322;16;306;122;9925,5;657215,91;0,019
2022;ORD_L;PA;G273;PALERMO;5558;542;5016;4763;416769;25354410,95;0,031
2022;ORD_L;PC;G535;PIACENZA;1861;136;1725;1373;102252,5;7324959,488;0,053
2022;ORD_L;PD;G224;PADOVA;4099;968;3131;2259;171913;16241854,16;0,050
2022;ORD_L;PE;G482;PESCARA;534;41;493;338;32107;2013081,435;0,013
2022;ORD_L;PG;G478;PERUGIA;1739;289;1450;1125;89412,5;5726797,719;0,032
2022;ORD_L;PI;G702;PISA;4845;2474;2371;2114;161379;15719454,23;0,078
2022;ORD_L;PN;G888;PORDENONE;773;38;735;407;38297;2648412,378;0,040
2022;ORD_L;PO;G999;PRATO;2572;174;2398;1878;165297;15930667,58;0,073
2022;ORD_L;PR;G337;PARMA;6421;1084;5337;4122;300845;28577226,22;0,086
2022;ORD_L;PS;G479;PESARO;517;64;453;309;25140,5;2072188,118;0,017
2022;ORD_L;PT;G713;PISTOIA;355;53;302;237;21251;1344834,425;0,013
2022;ORD_L;PV;G388;PAVIA;1022;100;922;783;50106;4355836,78;0,032
2022;ORD_L;PZ;G942;POTENZA;574;51;523;433;37284;2156198,026;0,035
2022;ORD_L;RA;H199;RAVENNA;1073;111;962;714;53339,5;3826194,294;0,016
2022;ORD_L;RC;H224;REGGIO DI CALABRIA;688;62;626;453;45021,5;1733561,147;0,009
2022;ORD_L;RE;H223;REGGIO NELL`EMILIA;2066;484;1582;1170;87587;6559881,3;0,035
2022;ORD_L;RG;H163;RAGUSA;450;54;396;327;30039;1184249,14;0,013
2022;ORD_L;RI;H282;RIETI;385;48;337;248;21957;1253923,602;0,021
2022;ORD_L;RM;H501;ROMA;18421;3226;15195;12568;995650;131471602,4;0,023
2022;ORD_L;RN;H294;RIMINI;1185;127;1058;766;57608,5;4965697,884;0,022
2022;ORD_L;RO;H620;ROVIGO;470;18;452;254;20060;882559,258;0,025
2022;ORD_L;SA;H703;SALERNO;593;64;529;488;44823;3472413,877;0,021
2022;ORD_L;SI;I726;SIENA;1051;311;740;647;50612;4810702,668;0,046
2022;ORD_L;SO;I829;SONDRIO;663;27;636;454;33159;2277039,866;0,065
2022;ORD_L;SP;E463;LA SPEZIA;450;14;436;388;29360;2009827,251;0,017
2022;ORD_L;SR;I754;SIRACUSA;536;35;501;440;44280,5;2208731,668;0,016
2022;ORD_L;SS;I452;SASSARI;722;100;622;528;39965;2775897,604;0,022
2022;ORD_L;SV;I480;SAVONA;383;9;374;343;28511,5;1861263,707;0,022
2022;ORD_L;TA;L049;TARANTO;854;45;809;716;60244;3112711,189;0,019
2022;ORD_L;TE;L103;TERAMO;103;14;89;68;7831,5;364885,866;0,006
2022;ORD_L;TN;L378;TRENTO;2720;853;1867;1185;106178,5;8254945,438;0,039
2022;ORD_L;TO;L219;TORINO;17807;2036;15771;14479;968144,5;92492787,29;0,065
2022;ORD_L;TP;L331;TRAPANI;567;33;534;481;44246;2079693,83;0,029
2022;ORD_L;TR;L117;TERNI;475;40;435;348;28593;1514460,192;0,015
2022;ORD_L;TS;L424;TRIESTE;1623;114;1509;1112;72863,5;5818718,842;0,022
2022;ORD_L;TV;L407;TREVISO;822;69;753;462;41828,5;3557338,1;0,027
2022;ORD_L;UD;L483;UDINE;1099;73;1026;651;55185,5;3433189,356;0,027
2022;ORD_L;VA;L682;VARESE;2206;124;2082;1438;116563;9885680,415;0,070
2022;ORD_L;VB;L746;VERBANIA;567;37;530;412;33801,5;2493673,811;0,045
2022;ORD_L;VC;L750;VERCELLI;688;35;653;553;42350;2420085,003;0,045
2022;ORD_L;VE;L736;VENEZIA;2361;366;1995;1560;137022,5;14468961,9;0,026
2022;ORD_L;VI;L840;VICENZA;2346;177;2169;1328;135900,5;12509040,54;0,051
2022;ORD_L;VR;L781;VERONA;2412;227;2185;1486;118060;9271828,661;0,024
2022;ORD_L;VT;M082;VITERBO;513;31;482;387;33677,5;1799837,68;0,024
2022;ORD_L;VV;F537;VIBO VALENTIA;215;8;207;159;16943,5;679174,064;0,018
2022;ORD_T;AG;A089;AGRIGENTO;273;59;214;202;18816,5;790948,619;0,010
2022;ORD_T;AL;A182;ALESSANDRIA;897;153;744;675;45938;2934692,143;0,027
2022;ORD_T;AN;A271;ANCONA;967;403;564;522;48486;4304677,751;0,025
2022;ORD_T;AO;A326;AOSTA;397;71;326;298;21274,5;2551189,367;0,029
2022;ORD_T;AP;A462;ASCOLI PICENO;390;133;257;232;19400,5;1243432,974;0,023
2022;ORD_T;AQ;A345;L`AQUILA;1249;452;797;646;64054;3486689,945;0,021
2022;ORD_T;AR;A390;AREZZO;373;140;233;190;18275;1191131,51;0,010
2022;ORD_T;AT;A479;ASTI;293;56;237;213;14222,5;1079075,86;0,010
2022;ORD_T;AV;A509;AVELLINO;201;55;146;124;10432;655160,622;0,011
2022;ORD_T;BA;A662;BARI;5841;3597;2244;2056;168613,5;13035648,91;0,031
2022;ORD_T;BG;A794;BERGAMO;2292;1274;1018;886;66518,5;6056390,999;0,029
2022;ORD_T;BI;A859;BIELLA;455;70;385;332;20664;1320855,516;0,024
2022;ORD_T;BL;A757;BELLUNO;211;34;177;151;11565,5;954819,629;0,015
2022;ORD_T;BN;A783;BENEVENTO;611;336;275;244;22316;1151911,455;0,021
2022;ORD_T;BO;A944;BOLOGNA;5851;3374;2477;2305;167690;23155873,19;0,022
2022;ORD_T;BR;B180;BRINDISI;963;325;638;546;52103,5;3119484,046;0,034
2022;ORD_T;BS;B157;BRESCIA;2075;1015;1060;880;69375;6386350,745;0,019
2022;ORD_T;BZ;A952;BOLZANO;998;186;812;412;40124;3114663,866;0,016
2022;ORD_T;CA;B354;CAGLIARI;4706;3013;1693;1419;128288,5;9567115,161;0,050
2022;ORD_T;CB;B519;CAMPOBASSO;1393;774;619;554;50365;2330276,99;0,054
2022;ORD_T;CE;B963;CASERTA;687;230;457;365;29527;1978583,305;0,020
2022;ORD_T;CH;C632;CHIETI;666;326;340;319;27961;1667937,88;0,027
2022;ORD_T;CL;B429;CALTANISSETTA;682;204;478;461;38280,5;1418334,705;0,025
2022;ORD_T;CN;D205;CUNEO;548;110;438;395;27979,5;2061320,315;0,025
2022;ORD_T;CO;C933;COMO;1446;466;980;807;60422,5;7353616,976;0,037
2022;ORD_T;CR;D150;CREMONA;481;168;313;289;19850,5;1677604,876;0,015
2022;ORD_T;CS;D086;COSENZA;490;157;333;316;26936,5;1418256,596;0,020
2022;ORD_T;CT;C351;CATANIA;3570;2188;1382;1284;116736;6778932,999;0,017
2022;ORD_T;CZ;C352;CATANZARO;1135;712;423;399;32944;1889276,762;0,020
2022;ORD_T;EN;C342;ENNA;309;204;105;90;8573;404284,532;0,010
2022;ORD_T;FE;D548;FERRARA;2465;1426;1039;897;74137,5;6224880,933;0,029
2022;ORD_T;FG;D643;FOGGIA;1402;621;781;680;49525;2951975,375;0,027
2022;ORD_T;FI;D612;FIRENZE;11887;4546;7341;7047;629152;117848129,9;0,083
2022;ORD_T;FO;D704;FORLI;1408;836;572;476;40501;2674512,576;0,021
2022;ORD_T;FR;D810;FROSINONE;529;149;380;342;29242;1808251,258;0,037
2022;ORD_T;GE;D969;GENOVA;4235;1317;2918;2547;220970;22227977,8;0,021
2022;ORD_T;GO;E098;GORIZIA;121;61;60;18;1926;110960,64;0,002
2022;ORD_T;GR;E202;GROSSETO;294;56;238;217;16038,5;2208072,858;0,011
2022;ORD_T;IM;E290;IMPERIA;191;15;176;160;11496,5;1048554,526;0,010
2022;ORD_T;IS;E335;ISERNIA;339;81;258;226;17280,5;898845,399;0,047
2022;ORD_T;KR;D122;CROTONE;134;12;122;109;10144;666683,303;0,010
2022;ORD_T;LC;E507;LECCO;533;213;320;276;21605;1891009,823;0,024
2022;ORD_T;LE;E506;LECCE;3189;1726;1463;1312;132270;7252482,431;0,054
2022;ORD_T;LI;E625;LIVORNO;919;122;797;707;53931;5108638,858;0,027
2022;ORD_T;LO;E648;LODI;328;134;194;166;10902;1064931,526;0,016
2022;ORD_T;LT;E472;LATINA;781;283;498;416;31922,5;2539660,32;0,018
2022;ORD_T;LU;E715;LUCCA;500;131;369;313;32536,5;2956753,487;0,016
2022;ORD_T;MC;E783;MACERATA;653;290;363;334;25928;1696460,727;0,035
2022;ORD_T;ME;F158;MESSINA;2028;1040;988;925;81316,5;4915888,207;0,016
2022;ORD_T;MI;F205;MILANO;36272;14439;21833;20596;1347029,5;238244656,7;0,053
2022;ORD_T;MN;E897;MANTOVA;966;289;677;578;43177;3345204,22;0,037
2022;ORD_T;MO;F257;MODENA;1600;1173;427;343;31969;3936902,147;0,008
2022;ORD_T;MS;F023;MASSA;485;45;440;359;35542;5540011,283;0,019
2022;ORD_T;MT;F052;MATERA;253;117;136;119;11719;1012897,143;0,011
2022;ORD_T;NA;F839;NAPOLI;4584;2533;2051;1929;149281,5;14413013,9;0,009
2022;ORD_T;NO;F952;NOVARA;1261;529;732;622;42894;3402075,216;0,027
2022;ORD_T;NU;F979;NUORO;245;67;178;154;13675,5;699683,162;0,024
2022;ORD_T;OR;G113;ORISTANO;320;88;232;152;12046;943572,432;0,024
2022;ORD_T;PA;G273;PALERMO;5637;2828;2809;2701;235263,5;16122860,22;0,018
2022;ORD_T;PC;G535;PIACENZA;1034;315;719;605;45675,5;3588836,87;0,024
2022;ORD_T;PD;G224;PADOVA;4276;2543;1733;1384;117737;10970170,54;0,031
2022;ORD_T;PE;G482;PESCARA;1464;777;687;626;59509;3827374,313;0,024
2022;ORD_T;PG;G478;PERUGIA;2590;1206;1384;1275;98108;7008769,256;0,036
2022;ORD_T;PI;G702;PISA;2823;1596;1227;1056;87570,5;11121320,09;0,039
2022;ORD_T;PN;G888;PORDENONE;315;104;211;148;12693;913233,879;0,014
2022;ORD_T;PO;G999;PRATO;556;193;363;290;24686;2411813,523;0,011
2022;ORD_T;PR;G337;PARMA;2561;1139;1422;1203;87358;7875058,041;0,025
2022;ORD_T;PS;G479;PESARO;390;90;300;255;24505,5;2846661,705;0,014
2022;ORD_T;PT;G713;PISTOIA;274;61;213;189;16025,5;1185813,91;0,011
2022;ORD_T;PV;G388;PAVIA;1015;414;601;552;36378;3359716,662;0,023
2022;ORD_T;PZ;G942;POTENZA;870;486;384;343;31083,5;1488434,768;0,028
2022;ORD_T;RA;H199;RAVENNA;1631;357;1274;1052;73963;11978460,11;0,023
2022;ORD_T;RC;H224;REGGIO DI CALABRIA;574;168;406;338;31561,5;1501491,577;0,007
2022;ORD_T;RE;H223;REGGIO NELL`EMILIA;1095;555;540;431;32125,5;2819404,06;0,013
2022;ORD_T;RG;H163;RAGUSA;1200;345;855;701;57880,5;2530201,504;0,028
2022;ORD_T;RI;H282;RIETI;299;91;208;163;14989;812021,949;0,014
2022;ORD_T;RM;H501;ROMA;21798;12991;8807;8039;642769;94684245,73;0,015
2022;ORD_T;RN;H294;RIMINI;1136;486;650;548;42398,5;4204913,819;0,016
2022;ORD_T;RO;H620;ROVIGO;153;42;111;81;6277;443786,774;0,008
2022;ORD_T;SA;H703;SALERNO;794;453;341;317;29476;2301754,896;0,013
2022;ORD_T;SI;I726;SIENA;2830;1729;1101;1019;92869;8578923,414;0,073
2022;ORD_T;SO;I829;SONDRIO;197;17;180;148;9823,5;718982,083;0,021
2022;ORD_T;SP;E463;LA SPEZIA;620;82;538;504;36837;4145336,585;0,021
2022;ORD_T;SR;I754;SIRACUSA;929;189;740;701;57115;4087236,853;0,025
2022;ORD_T;SS;I452;SASSARI;1510;883;627;576;52175;2806691,993;0,024
2022;ORD_T;SV;I480;SAVONA;291;29;262;245;20080,5;1678375,936;0,016
2022;ORD_T;TA;L049;TARANTO;689;146;543;507;41026,5;3159328,847;0,014
2022;ORD_T;TE;L103;TERAMO;312;150;162;147;16208,5;771063,001;0,014
2022;ORD_T;TN;L378;TRENTO;2837;1913;924;734;69867,5;5121266,811;0,024
2022;ORD_T;TO;L219;TORINO;13741;5825;7916;7489;497857,5;49034973,44;0,034
2022;ORD_T;TP;L331;TRAPANI;666;96;570;524;37466;2341638,894;0,032
2022;ORD_T;TR;L117;TERNI;462;70;392;352;28568;1629407,525;0,015
2022;ORD_T;TS;L424;TRIESTE;1598;643;955;655;46367,5;4587468,963;0,013
2022;ORD_T;TV;L407;TREVISO;773;283;490;330;27282;2458273,198;0,019
2022;ORD_T;UD;L483;UDINE;1259;563;696;529;48752,5;3731212,077;0,022
2022;ORD_T;VA;L682;VARESE;703;253;450;372;27579;2332936,048;0,018
2022;ORD_T;VB;L746;VERBANIA;449;44;405;344;23710;2053057,598;0,038
2022;ORD_T;VC;L750;VERCELLI;454;58;396;362;22101;1523397,983;0,029
2022;ORD_T;VE;L736;VENEZIA;4834;1519;3315;2978;256789,5;34844463,38;0,050
2022;ORD_T;VI;L840;VICENZA;942;472;470;371;35413,5;2504625,555;0,014
2022;ORD_T;VR;L781;VERONA;2469;1180;1289;1069;88885;8072296,263;0,018
2022;ORD_T;VT;M082;VITERBO;864;320;544;468;35876,5;2271902,871;0,029
2022;ORD_T;VV;F537;VIBO VALENTIA;174;20;154;132;11827;577070,317;0,015
2023;AGE_C;AG;A089;AGRIGENTO;392;53;339;336;36194;1336768,304;0,017
2023;AGE_C;AL;A182;ALESSANDRIA;1756;78;1678;1371;110545,5;5998439,181;0,055
2023;AGE_C;AN;A271;ANCONA;1802;144;1658;1397;112181,5;8534008,568;0,066
2023;AGE_C;AO;A326;AOSTA;231;6;225;150;14065,5;908844,695;0,014
2023;AGE_C;AP;A462;ASCOLI PICENO;430;37;393;338;31229,5;1891865,036;0,033
2023;AGE_C;AQ;A345;L`AQUILA;913;98;815;637;61921,5;3328806,503;0,020
2023;AGE_C;AR;A390;AREZZO;1606;93;1513;1077;93038;6273413,795;0,056
2023;AGE_C;AT;A479;ASTI;1688;28;1660;1317;99644;5878216,614;0,064
2023;AGE_C;AV;A509;AVELLINO;483;20;463;377;40002,5;2075654,891;0,033
2023;AGE_C;BA;A662;BARI;1217;101;1116;907;85779;5715309,21;0,014
2023;AGE_C;BG;A794;BERGAMO;1635;86;1549;1019;85045,5;7160797,237;0,033
2023;AGE_C;BI;A859;BIELLA;696;8;688;518;41967;2289070,425;0,037
2023;AGE_C;BL;A757;BELLUNO;781;55;726;499;42789,5;2920562,467;0,048
2023;AGE_C;BN;A783;BENEVENTO;315;38;277;246;25783,5;1182298,934;0,021
2023;AGE_C;BO;A944;BOLOGNA;3516;316;3200;2493;204456,5;19451296,67;0,023
2023;AGE_C;BR;B180;BRINDISI;101;3;98;83;8719,5;437810,227;0,005
2023;AGE_C;BS;B157;BRESCIA;1266;127;1139;805;74693,5;4611934,355;0,017
2023;AGE_C;BZ;A952;BOLZANO;2296;356;1940;1415;128890,5;13665970,66;0,055
2023;AGE_C;CA;B354;CAGLIARI;602;146;456;373;36943;3018531,368;0,013
2023;AGE_C;CB;B519;CAMPOBASSO;189;23;166;143;14865;667444,891;0,014
2023;AGE_C;CE;B963;CASERTA;1027;52;975;671;75824,5;3708174,039;0,036
2023;AGE_C;CH;C632;CHIETI;564;58;506;441;40247,5;2083485,076;0,038
2023;AGE_C;CL;B429;CALTANISSETTA;200;36;164;158;16548;634907,782;0,009
2023;AGE_C;CN;D205;CUNEO;784;7;777;506;44481,5;2220939,719;0,032
2023;AGE_C;CO;C933;COMO;477;42;435;316;24955;2619668,158;0,014
2023;AGE_C;CR;D150;CREMONA;1397;44;1353;1008;78553;5566503,483;0,051
2023;AGE_C;CS;D086;COSENZA;426;54;372;354;35820;1784039,825;0,023
2023;AGE_C;CT;C351;CATANIA;2247;297;1950;1783;167303,5;9805980,89;0,023
2023;AGE_C;CZ;C352;CATANZARO;563;56;507;489;43134;2225568,037;0,025
2023;AGE_C;EN;C342;ENNA;198;32;166;159;17148;652836,814;0,018
2023;AGE_C;FE;D548;FERRARA;2719;113;2606;1845;148512,5;10822448,38;0,059
2023;AGE_C;FG;D643;FOGGIA;435;44;391;340;33697;1640707,753;0,013
2023;AGE_C;FI;D612;FIRENZE;1939;234;1705;1533;139873,5;13685263,3;0,018
2023;AGE_C;FO;D704;FORLI;1600;110;1490;958;83935;5446471,781;0,042
2023;AGE_C;FR;D810;FROSINONE;393;44;349;324;31414;1682157,714;0,034
2023;AGE_C;GE;D969;GENOVA;7695;235;7460;6902;562798,5;43199484,26;0,057
2023;AGE_C;GO;E098;GORIZIA;583;45;538;151;13120,5;796288,466;0,019
2023;AGE_C;GR;E202;GROSSETO;1314;94;1220;924;70841,5;5704339,154;0,048
2023;AGE_C;IM;E290;IMPERIA;1023;31;992;836;65016;4956301,369;0,052
2023;AGE_C;IS;E335;ISERNIA;68;10;58;48;5078,5;227333,333;0,010
2023;AGE_C;KR;D122;CROTONE;311;9;302;286;27264;1284225,435;0,025
2023;AGE_C;LC;E507;LECCO;552;22;530;388;31191;2609782,499;0,033
2023;AGE_C;LE;E506;LECCE;479;80;399;330;33694;2022712,967;0,013
2023;AGE_C;LI;E625;LIVORNO;533;10;523;459;44664;2923852,94;0,017
2023;AGE_C;LO;E648;LODI;382;9;373;276;20217;1646725,948;0,027
2023;AGE_C;LT;E472;LATINA;1779;81;1698;1224;100318;7213233,479;0,053
2023;AGE_C;LU;E715;LUCCA;976;51;925;702;67854;5105188,964;0,036
2023;AGE_C;MC;E783;MACERATA;646;51;595;497;42154;2661416,56;0,051
2023;AGE_C;ME;F158;MESSINA;1172;102;1070;1021;92810,5;5096765,131;0,017
2023;AGE_C;MI;F205;MILANO;2747;388;2359;2015;147618,5;19287946,34;0,005
2023;AGE_C;MN;E897;MANTOVA;639;32;607;456;39418,5;2436717,214;0,029
2023;AGE_C;MO;F257;MODENA;3465;582;2883;1889;147309;11769820,33;0,045
2023;AGE_C;MS;F023;MASSA;532;28;504;455;40338;3058138,184;0,024
2023;AGE_C;MT;F052;MATERA;727;157;570;501;45088,5;2988856,349;0,046
2023;AGE_C;NA;F839;NAPOLI;7200;350;6850;6644;573594;51071726,63;0,030
2023;AGE_C;NO;F952;NOVARA;1407;54;1353;973;77495;5546257,301;0,042
2023;AGE_C;NU;F979;NUORO;28;2;26;23;2292;119886,527;0,004
2023;AGE_C;OR;G113;ORISTANO;135;10;125;99;9610;516668,238;0,015
2023;AGE_C;PA;G273;PALERMO;5233;318;4915;4809;488800;28319802,97;0,031
2023;AGE_C;PC;G535;PIACENZA;2032;102;1930;1393;114257;7786824,197;0,053
2023;AGE_C;PD;G224;PADOVA;3533;416;3117;1991;176472,5;15430648,75;0,044
2023;AGE_C;PE;G482;PESCARA;1557;166;1391;1143;107230,5;6951254,456;0,043
2023;AGE_C;PG;G478;PERUGIA;3005;188;2817;2047;171554,5;10206238,84;0,057
2023;AGE_C;PI;G702;PISA;829;148;681;544;49317;4165389,711;0,020
2023;AGE_C;PN;G888;PORDENONE;1228;24;1204;647;47741;3578490,356;0,062
2023;AGE_C;PO;G999;PRATO;1056;55;1001;740;72634,5;5752764,987;0,028
2023;AGE_C;PR;G337;PARMA;1423;86;1337;944;79025;5577100,591;0,019
2023;AGE_C;PS;G479;PESARO;986;58;928;704;62952;4405467,135;0,038
2023;AGE_C;PT;G713;PISTOIA;1175;107;1068;849;75916;5714985,144;0,047
2023;AGE_C;PV;G388;PAVIA;2001;137;1864;1565;106675,5;9889542,074;0,064
2023;AGE_C;PZ;G942;POTENZA;127;10;117;52;5102;537712,571;0,004
2023;AGE_C;RA;H199;RAVENNA;2153;115;2038;1377;107617;8510013,769;0,030
2023;AGE_C;RC;H224;REGGIO DI CALABRIA;1592;147;1445;1329;137915,5;5693085,621;0,028
2023;AGE_C;RE;H223;REGGIO NELL`EMILIA;3182;274;2908;1844;143915;10478017,51;0,054
2023;AGE_C;RG;H163;RAGUSA;444;34;410;347;35323,5;1399354,33;0,014
2023;AGE_C;RI;H282;RIETI;265;29;236;188;18377,5;919673,12;0,016
2023;AGE_C;RM;H501;ROMA;40865;4663;36202;29522;2390650;320025813,8;0,054
2023;AGE_C;RN;H294;RIMINI;2084;199;1885;1274;101618;9091318,046;0,036
2023;AGE_C;RO;H620;ROVIGO;1172;61;1111;722;52963,5;3718313,669;0,070
2023;AGE_C;SA;H703;SALERNO;1014;68;946;879;89883,5;6628156,295;0,037
2023;AGE_C;SI;I726;SIENA;581;93;488;402;37064;3159427,766;0,028
2023;AGE_C;SO;I829;SONDRIO;95;3;92;72;6003;307446,688;0,010
2023;AGE_C;SP;E463;LA SPEZIA;1355;50;1305;1203;92736,5;7493439,469;0,051
2023;AGE_C;SR;I754;SIRACUSA;561;31;530;506;55094;2712301,737;0,018
2023;AGE_C;SS;I452;SASSARI;816;121;695;627;53160,5;3306370,521;0,026
2023;AGE_C;SV;I480;SAVONA;732;10;722;674;55390;4200804,375;0,042
2023;AGE_C;TA;L049;TARANTO;1356;46;1310;1258;114039,5;6216507,521;0,033
2023;AGE_C;TE;L103;TERAMO;703;99;604;488;46783;2416483,066;0,045
2023;AGE_C;TN;L378;TRENTO;2993;452;2541;1661;144672;12406621,48;0,055
2023;AGE_C;TO;L219;TORINO;8410;238;8172;7429;553013,5;40092564,14;0,033
2023;AGE_C;TP;L331;TRAPANI;276;10;266;243;23971;1036432,795;0,015
2023;AGE_C;TR;L117;TERNI;2002;59;1943;1606;133988;6855369,691;0,067
2023;AGE_C;TS;L424;TRIESTE;2754;206;2548;2133;157596,5;13763265,93;0,042
2023;AGE_C;TV;L407;TREVISO;1926;90;1836;1114;94929;8184866,559;0,065
2023;AGE_C;UD;L483;UDINE;2444;147;2297;1429;114423;8211062,763;0,059
2023;AGE_C;VA;L682;VARESE;512;23;489;337;27211,5;2039316,439;0,016
2023;AGE_C;VB;L746;VERBANIA;325;8;317;253;18745;1504009,489;0,027
2023;AGE_C;VC;L750;VERCELLI;568;31;537;434;34856,5;2034341,334;0,035
2023;AGE_C;VE;L736;VENEZIA;2268;103;2165;1567;134086,5;12601141,71;0,026
2023;AGE_C;VI;L840;VICENZA;2709;124;2585;1557;124253;9308781,155;0,059
2023;AGE_C;VR;L781;VERONA;6808;364;6444;4157;356527,5;31672629,89;0,067
2023;AGE_C;VT;M082;VITERBO;1034;54;980;778;71308,5;4017118,563;0,048
2023;AGE_C;VV;F537;VIBO VALENTIA;112;7;105;98;10153;409674,079;0,011
2023;AGE_S;AG;A089;AGRIGENTO;156;38;118;116;10423;507716,24;0,006
2023;AGE_S;AL;A182;ALESSANDRIA;412;89;323;285;19706;1315912,176;0,011
2023;AGE_S;AN;A271;ANCONA;1447;395;1052;963;94798,5;7280510,369;0,045
2023;AGE_S;AO;A326;AOSTA;56;15;41;26;2648;155713,809;0,002
2023;AGE_S;AP;A462;ASCOLI PICENO;339;143;196;180;16687;1103353,494;0,017
2023;AGE_S;AQ;A345;L`AQUILA;4537;1957;2580;2125;210724;12429761,84;0,068
2023;AGE_S;AR;A390;AREZZO;258;127;131;103;9398;720839,918;0,005
2023;AGE_S;AT;A479;ASTI;184;35;149;130;8533;570319,363;0,006
2023;AGE_S;AV;A509;AVELLINO;224;60;164;153;14007;779196,84;0,013
2023;AGE_S;BA;A662;BARI;3727;2777;950;855;87569,5;5117862,551;0,013
2023;AGE_S;BG;A794;BERGAMO;345;181;164;131;11171;964162,109;0,004
2023;AGE_S;BI;A859;BIELLA;52;2;50;41;2961;184745,588;0,003
2023;AGE_S;BL;A757;BELLUNO;64;7;57;38;3217;204059,031;0,004
2023;AGE_S;BN;A783;BENEVENTO;321;187;134;123;12709;536430,33;0,010
2023;AGE_S;BO;A944;BOLOGNA;1893;1230;663;575;49054;4812379,703;0,005
2023;AGE_S;BR;B180;BRINDISI;81;38;43;39;4086;275898,192;0,002
2023;AGE_S;BS;B157;BRESCIA;349;227;122;92;9482,5;582075,823;0,002
2023;AGE_S;BZ;A952;BOLZANO;610;339;271;224;23455;2311470,134;0,009
2023;AGE_S;CA;B354;CAGLIARI;2498;1941;557;490;52563;3579577,138;0,017
2023;AGE_S;CB;B519;CAMPOBASSO;806;515;291;264;25953,5;1251572,543;0,026
2023;AGE_S;CE;B963;CASERTA;673;341;332;249;23226;1486482,875;0,013
2023;AGE_S;CH;C632;CHIETI;3085;1636;1449;1330;117253,5;8432569,203;0,113
2023;AGE_S;CL;B429;CALTANISSETTA;226;121;105;99;8015;317186,432;0,005
2023;AGE_S;CN;D205;CUNEO;25;1;24;22;1297;105552,946;0,001
2023;AGE_S;CO;C933;COMO;131;46;85;62;4946;556234,891;0,003
2023;AGE_S;CR;D150;CREMONA;313;119;194;171;12554;1084276,099;0,009
2023;AGE_S;CS;D086;COSENZA;159;71;88;87;8596,5;516201,857;0,006
2023;AGE_S;CT;C351;CATANIA;3660;2990;670;631;63868,5;3447270,379;0,008
2023;AGE_S;CZ;C352;CATANZARO;1251;900;351;345;29521;2207871,957;0,017
2023;AGE_S;EN;C342;ENNA;1907;1780;127;120;12605;506304,681;0,013
2023;AGE_S;FE;D548;FERRARA;2277;753;1524;1319;110754;9362568,723;0,042
2023;AGE_S;FG;D643;FOGGIA;409;280;129;106;10840;539742,078;0,004
2023;AGE_S;FI;D612;FIRENZE;2954;1254;1700;1616;144507;16624588,76;0,019
2023;AGE_S;FO;D704;FORLI;2121;1486;635;458;43669;2939825,076;0,020
2023;AGE_S;FR;D810;FROSINONE;260;111;149;141;12633,5;767380,107;0,015
2023;AGE_S;GE;D969;GENOVA;2743;1080;1663;1564;127420,5;11416274,16;0,013
2023;AGE_S;GO;E098;GORIZIA;305;150;155;34;3215;182052,59;0,004
2023;AGE_S;GR;E202;GROSSETO;110;10;100;82;6699;595822,065;0,004
2023;AGE_S;IM;E290;IMPERIA;114;7;107;102;6884;612711,382;0,006
2023;AGE_S;IS;E335;ISERNIA;87;37;50;45;4241,5;180138;0,009
2023;AGE_S;KR;D122;CROTONE;28;4;24;24;2396;127868,571;0,002
2023;AGE_S;LC;E507;LECCO;334;190;144;110;8869;795438,691;0,009
2023;AGE_S;LE;E506;LECCE;1637;905;732;618;61589;3943042,679;0,025
2023;AGE_S;LI;E625;LIVORNO;53;7;46;36;3706;264400,757;0,001
2023;AGE_S;LO;E648;LODI;35;10;25;23;1624;142549,525;0,002
2023;AGE_S;LT;E472;LATINA;583;386;197;162;12350;945559,964;0,007
2023;AGE_S;LU;E715;LUCCA;177;30;147;137;14851;1350838,572;0,007
2023;AGE_S;MC;E783;MACERATA;1930;1075;855;781;68192;5076777,848;0,081
2023;AGE_S;ME;F158;MESSINA;2025;1447;578;560;53036;3320750,054;0,009
2023;AGE_S;MI;F205;MILANO;3116;1901;1215;1127;77765,5;11032472,37;0,003
2023;AGE_S;MN;E897;MANTOVA;220;48;172;149;11592;797023,698;0,009
2023;AGE_S;MO;F257;MODENA;850;419;431;298;23778,5;1981525,6;0,007
2023;AGE_S;MS;F023;MASSA;137;13;124;113;9926;1285732,331;0,006
2023;AGE_S;MT;F052;MATERA;411;293;118;108;9662;674095,88;0,010
2023;AGE_S;NA;F839;NAPOLI;2604;1724;880;851;75990,5;7216020,846;0,004
2023;AGE_S;NO;F952;NOVARA;651;348;303;255;21386;1415756,162;0,011
2023;AGE_S;NU;F979;NUORO;27;13;14;14;1749;82980;0,002
2023;AGE_S;OR;G113;ORISTANO;109;61;48;39;3322;232534,948;0,006
2023;AGE_S;PA;G273;PALERMO;2282;1518;764;747;75843;4456110,688;0,005
2023;AGE_S;PC;G535;PIACENZA;694;241;453;393;32926,5;2541927,325;0,015
2023;AGE_S;PD;G224;PADOVA;4122;2000;2122;1493;149939;13236573,27;0,033
2023;AGE_S;PE;G482;PESCARA;3055;1903;1152;1063;100054,5;6994256,224;0,040
2023;AGE_S;PG;G478;PERUGIA;2075;666;1409;1260;112756;8075832,257;0,035
2023;AGE_S;PI;G702;PISA;685;349;336;267;24870,5;2028107,857;0,010
2023;AGE_S;PN;G888;PORDENONE;181;88;93;60;4705;414693,84;0,006
2023;AGE_S;PO;G999;PRATO;171;93;78;63;7085;545753,455;0,002
2023;AGE_S;PR;G337;PARMA;1406;731;675;597;47433,5;3990030,848;0,012
2023;AGE_S;PS;G479;PESARO;233;31;202;175;14496,5;1136345,533;0,009
2023;AGE_S;PT;G713;PISTOIA;126;17;109;94;8848;679988,674;0,005
2023;AGE_S;PV;G388;PAVIA;2815;1237;1578;1463;102574,5;10666942,89;0,060
2023;AGE_S;PZ;G942;POTENZA;98;37;61;50;5154;150361,844;0,004
2023;AGE_S;RA;H199;RAVENNA;721;303;418;305;26712,5;2069782,382;0,007
2023;AGE_S;RC;H224;REGGIO DI CALABRIA;499;243;256;237;21986,5;1055859,959;0,005
2023;AGE_S;RE;H223;REGGIO NELL`EMILIA;821;595;226;185;15573;1053746,735;0,005
2023;AGE_S;RG;H163;RAGUSA;153;80;73;64;6032;260991,043;0,003
2023;AGE_S;RI;H282;RIETI;181;103;78;60;6026;356593,546;0,005
2023;AGE_S;RM;H501;ROMA;22128;13391;8737;7869;626084,5;94121447,43;0,014
2023;AGE_S;RN;H294;RIMINI;799;375;424;347;29968;2656746,225;0,010
2023;AGE_S;RO;H620;ROVIGO;193;118;75;55;4120;271286,425;0,005
2023;AGE_S;SA;H703;SALERNO;344;131;213;203;21344,5;1731918,551;0,009
2023;AGE_S;SI;I726;SIENA;1555;894;661;613;59583,5;5553887,055;0,043
2023;AGE_S;SO;I829;SONDRIO;11;2;9;8;628;32820;0,001
2023;AGE_S;SP;E463;LA SPEZIA;207;24;183;165;13333,5;1264960,372;0,007
2023;AGE_S;SR;I754;SIRACUSA;212;61;151;147;14752;883381,302;0,005
2023;AGE_S;SS;I452;SASSARI;1860;1444;416;386;35950;1927011,433;0,016
2023;AGE_S;SV;I480;SAVONA;163;27;136;125;10565;972812,432;0,008
2023;AGE_S;TA;L049;TARANTO;316;105;211;201;16938,5;1110772,412;0,005
2023;AGE_S;TE;L103;TERAMO;1013;579;434;406;47807,5;2092914,096;0,037
2023;AGE_S;TN;L378;TRENTO;2569;1580;989;763;76670;6375495,673;0,025
2023;AGE_S;TO;L219;TORINO;5580;1626;3954;3752;290440,5;22999895,39;0,017
2023;AGE_S;TP;L331;TRAPANI;110;28;82;77;6753;388110,892;0,005
2023;AGE_S;TR;L117;TERNI;390;107;283;245;20189;1120966,263;0,010
2023;AGE_S;TS;L424;TRIESTE;2842;1313;1529;1272;106555,5;10045086,91;0,025
2023;AGE_S;TV;L407;TREVISO;406;205;201;137;12215;1200332,261;0,008
2023;AGE_S;UD;L483;UDINE;1143;632;511;392;37977;2689335,617;0,016
2023;AGE_S;VA;L682;VARESE;128;71;57;39;3145,5;260034,437;0,002
2023;AGE_S;VB;L746;VERBANIA;45;2;43;36;3184;239572,505;0,004
2023;AGE_S;VC;L750;VERCELLI;30;2;28;24;1921;111828,217;0,002
2023;AGE_S;VE;L736;VENEZIA;2432;1071;1361;1206;106729,5;12473569,37;0,020
2023;AGE_S;VI;L840;VICENZA;549;307;242;168;14312;1057683,541;0,006
2023;AGE_S;VR;L781;VERONA;3844;1846;1998;1590;136330;14204322,12;0,026
2023;AGE_S;VT;M082;VITERBO;859;331;528;442;38048,5;2311302,231;0,027
2023;AGE_S;VV;F537;VIBO VALENTIA;12;2;10;7;701;38664,615;0,001
2023;ORD_L;AG;A089;AGRIGENTO;229;18;211;196;20714,5;938780,355;0,010
2023;ORD_L;AL;A182;ALESSANDRIA;867;61;806;665;54017;2673341,664;0,027
2023;ORD_L;AN;A271;ANCONA;560;86;474;396;31774;2095252,588;0,019
2023;ORD_L;AO;A326;AOSTA;805;53;752;590;43057,5;3223190,745;0,057
2023;ORD_L;AP;A462;ASCOLI PICENO;165;14;151;126;10973;539068,898;0,012
2023;ORD_L;AQ;A345;L`AQUILA;212;22;190;128;13667;721910,715;0,004
2023;ORD_L;AR;A390;AREZZO;440;59;381;283;26094;1477030,026;0,015
2023;ORD_L;AT;A479;ASTI;581;26;555;440;36184;1724096,236;0,021
2023;ORD_L;AV;A509;AVELLINO;181;23;158;123;13928;700782,3;0,011
2023;ORD_L;BA;A662;BARI;2393;265;2128;1825;148480,5;12446178,53;0,028
2023;ORD_L;BG;A794;BERGAMO;2557;137;2420;1705;138098,5;13780523,03;0,054
2023;ORD_L;BI;A859;BIELLA;785;35;750;550;45078,5;2401298,352;0,039
2023;ORD_L;BL;A757;BELLUNO;237;18;219;148;12828;874013,621;0,014
2023;ORD_L;BN;A783;BENEVENTO;367;40;327;288;28693;1378709,314;0,024
2023;ORD_L;BO;A944;BOLOGNA;11262;2795;8467;7251;530295,5;77055869,81;0,068
2023;ORD_L;BR;B180;BRINDISI;445;32;413;354;33489;1817924,82;0,022
2023;ORD_L;BS;B157;BRESCIA;4576;386;4190;3110;239943,5;20855812,45;0,067
2023;ORD_L;BZ;A952;BOLZANO;867;174;693;441;37613,5;3551253,391;0,017
2023;ORD_L;CA;B354;CAGLIARI;1107;214;893;723;62809,5;6332929,098;0,025
2023;ORD_L;CB;B519;CAMPOBASSO;312;36;276;195;18534;822847,849;0,019
2023;ORD_L;CE;B963;CASERTA;536;40;496;366;40372;1998096,741;0,020
2023;ORD_L;CH;C632;CHIETI;147;11;136;80;7602;338300,976;0,007
2023;ORD_L;CL;B429;CALTANISSETTA;411;23;388;352;33643;1274943,99;0,019
2023;ORD_L;CN;D205;CUNEO;1134;50;1084;804;63474,5;4077760,061;0,050
2023;ORD_L;CO;C933;COMO;1749;118;1631;1234;95140,5;11266402,29;0,056
2023;ORD_L;CR;D150;CREMONA;993;42;951;739;57710,5;3787641,731;0,038
2023;ORD_L;CS;D086;COSENZA;453;27;426;326;31440,5;1543852,485;0,021
2023;ORD_L;CT;C351;CATANIA;2517;293;2224;2006;173531;10496276,94;0,026
2023;ORD_L;CZ;C352;CATANZARO;511;34;477;419;36616;1939089,572;0,021
2023;ORD_L;EN;C342;ENNA;68;5;63;49;4850;178785,891;0,005
2023;ORD_L;FE;D548;FERRARA;1505;244;1261;865;66637,5;5794577,77;0,028
2023;ORD_L;FG;D643;FOGGIA;1153;205;948;813;63832;3510766,208;0,032
2023;ORD_L;FI;D612;FIRENZE;5704;1034;4670;4248;331589,5;49270433,85;0,049
2023;ORD_L;FO;D704;FORLI;963;138;825;602;45804;3440936,463;0,027
2023;ORD_L;FR;D810;FROSINONE;294;39;255;229;21953;1262705,359;0,024
2023;ORD_L;GE;D969;GENOVA;2724;167;2557;2012;161638;11585205,66;0,017
2023;ORD_L;GO;E098;GORIZIA;132;7;125;21;1834;92707,587;0,003
2023;ORD_L;GR;E202;GROSSETO;349;26;323;252;19964;1277910,403;0,013
2023;ORD_L;IM;E290;IMPERIA;187;13;174;135;11080;714536,058;0,008
2023;ORD_L;IS;E335;ISERNIA;122;11;111;95;8920,5;355684,499;0,020
2023;ORD_L;KR;D122;CROTONE;276;9;267;179;17504,5;791585,122;0,016
2023;ORD_L;LC;E507;LECCO;584;56;528;393;31946;2676852,406;0,034
2023;ORD_L;LE;E506;LECCE;951;181;770;598;56864;3478971,403;0,024
2023;ORD_L;LI;E625;LIVORNO;1347;63;1284;1158;86634;7350502,99;0,044
2023;ORD_L;LO;E648;LODI;915;49;866;690;49128;4254742,644;0,067
2023;ORD_L;LT;E472;LATINA;728;87;641;467;38360,5;3016176,944;0,020
2023;ORD_L;LU;E715;LUCCA;744;70;674;531;47557;4032026,896;0,027
2023;ORD_L;MC;E783;MACERATA;212;18;194;151;11585,5;697171,846;0,016
2023;ORD_L;ME;F158;MESSINA;1039;83;956;864;74635;3838520,229;0,015
2023;ORD_L;MI;F205;MILANO;44460;7869;36591;31986;2217929,5;430717257,2;0,081
2023;ORD_L;MN;E897;MANTOVA;1216;129;1087;863;70799,5;4978776,039;0,055
2023;ORD_L;MO;F257;MODENA;3739;1560;2179;1454;130902;14366149,01;0,035
2023;ORD_L;MS;F023;MASSA;204;15;189;163;14875;980485,842;0,009
2023;ORD_L;MT;F052;MATERA;143;18;125;102;9122;675101,872;0,009
2023;ORD_L;NA;F839;NAPOLI;6938;389;6549;6217;485358;40871423,13;0,028
2023;ORD_L;NO;F952;NOVARA;1572;76;1496;1171;84112,5;6324549,545;0,050
2023;ORD_L;NU;F979;NUORO;269;26;243;212;18596;1085081,97;0,033
2023;ORD_L;OR;G113;ORISTANO;212;15;197;140;11494;833290,813;0,022
2023;ORD_L;PA;G273;PALERMO;5112;402;4710;4433;391805,5;24674161,39;0,029
2023;ORD_L;PC;G535;PIACENZA;1767;119;1648;1295;96303;7204691,729;0,050
2023;ORD_L;PD;G224;PADOVA;4117;1224;2893;2101;163960,5;17503114,4;0,046
2023;ORD_L;PE;G482;PESCARA;798;51;747;433;42629,5;2052347,314;0,016
2023;ORD_L;PG;G478;PERUGIA;1682;293;1389;1105;88146,5;6152113,07;0,031
2023;ORD_L;PI;G702;PISA;4440;2249;2191;1925;149566;15186618,89;0,070
2023;ORD_L;PN;G888;PORDENONE;720;38;682;376;37108;2621723,545;0,036
2023;ORD_L;PO;G999;PRATO;2444;154;2290;1755;156777,5;15623650,99;0,067
2023;ORD_L;PR;G337;PARMA;6214;1225;4989;3808;278115;28686717,47;0,078
2023;ORD_L;PS;G479;PESARO;593;57;536;402;33091;2474793,24;0,022
2023;ORD_L;PT;G713;PISTOIA;472;46;426;298;26080,5;1613067,351;0,017
2023;ORD_L;PV;G388;PAVIA;1105;102;1003;848;54772,5;4871172,493;0,035
2023;ORD_L;PZ;G942;POTENZA;892;68;824;469;44143,5;5208093,508;0,038
2023;ORD_L;RA;H199;RAVENNA;997;123;874;618;49840,5;3923861,807;0,014
2023;ORD_L;RC;H224;REGGIO DI CALABRIA;654;54;600;471;46717,5;1940035,805;0,010
2023;ORD_L;RE;H223;REGGIO NELL`EMILIA;2197;516;1681;1204;88711,5;7114143,05;0,035
2023;ORD_L;RG;H163;RAGUSA;424;47;377;303;27803;1210584,479;0,012
2023;ORD_L;RI;H282;RIETI;420;77;343;238;21700;1296761,078;0,020
2023;ORD_L;RM;H501;ROMA;17434;3140;14294;11828;944279,5;134389325,1;0,022
2023;ORD_L;RN;H294;RIMINI;1114;219;895;645;49479;4300874,568;0,018
2023;ORD_L;RO;H620;ROVIGO;394;23;371;220;17941,5;988056,827;0,021
2023;ORD_L;SA;H703;SALERNO;671;39;632;542;52136;4122147,125;0,023
2023;ORD_L;SI;I726;SIENA;1057;312;745;648;54580,5;5114483,152;0,046
2023;ORD_L;SO;I829;SONDRIO;702;20;682;494;36451,5;2527546,628;0,071
2023;ORD_L;SP;E463;LA SPEZIA;690;17;673;631;50821,5;2704184,639;0,027
2023;ORD_L;SR;I754;SIRACUSA;664;29;635;591;55721;2597771,867;0,021
2023;ORD_L;SS;I452;SASSARI;736;94;642;555;43015,5;2976691,446;0,023
2023;ORD_L;SV;I480;SAVONA;416;7;409;372;30904,5;1888632,801;0,023
2023;ORD_L;TA;L049;TARANTO;717;46;671;598;52037,5;2796760,802;0,016
2023;ORD_L;TE;L103;TERAMO;126;11;115;79;7203,5;345098,203;0,007
2023;ORD_L;TN;L378;TRENTO;2487;719;1768;1071;96170,5;7859374,386;0,036
2023;ORD_L;TO;L219;TORINO;18024;2252;15772;14477;962931,5;98156544,09;0,064
2023;ORD_L;TP;L331;TRAPANI;500;29;471;423;41015;1891637,296;0,025
2023;ORD_L;TR;L117;TERNI;467;24;443;350;27833;1599224,816;0,015
2023;ORD_L;TS;L424;TRIESTE;1503;85;1418;1069;71698,5;5805322,057;0,021
2023;ORD_L;TV;L407;TREVISO;796;71;725;454;42618,5;3589915,993;0,026
2023;ORD_L;UD;L483;UDINE;1118;92;1026;639;52957,5;3366987,203;0,026
2023;ORD_L;VA;L682;VARESE;2077;132;1945;1379;111638,5;10347007,57;0,066
2023;ORD_L;VB;L746;VERBANIA;438;28;410;324;24450,5;1931024,826;0,035
2023;ORD_L;VC;L750;VERCELLI;646;28;618;527;38960,5;2222642,065;0,042
2023;ORD_L;VE;L736;VENEZIA;1821;300;1521;1277;111323;12616303,15;0,021
2023;ORD_L;VI;L840;VICENZA;2255;180;2075;1285;134454;12928635,99;0,049
2023;ORD_L;VR;L781;VERONA;2443;285;2158;1503;121285,5;10457570,65;0,024
2023;ORD_L;VT;M082;VITERBO;437;33;404;328;27230,5;1552064,729;0,020
2023;ORD_L;VV;F537;VIBO VALENTIA;230;9;221;156;16566;578684,771;0,018
2023;ORD_T;AG;A089;AGRIGENTO;253;74;179;170;17388,5;762274,774;0,009
2023;ORD_T;AL;A182;ALESSANDRIA;1012;202;810;729;50667,5;3351987,389;0,029
2023;ORD_T;AN;A271;ANCONA;1014;432;582;541;48530;3461955,875;0,025
2023;ORD_T;AO;A326;AOSTA;333;66;267;243;18499;1793147,901;0,023
2023;ORD_T;AP;A462;ASCOLI PICENO;347;120;227;207;17897;1122004,021;0,020
2023;ORD_T;AQ;A345;L`AQUILA;1366;509;857;695;68873;3876770,994;0,022
2023;ORD_T;AR;A390;AREZZO;359;118;241;209;19219,5;1287334,034;0,011
2023;ORD_T;AT;A479;ASTI;243;41;202;180;12204;800640,574;0,009
2023;ORD_T;AV;A509;AVELLINO;236;81;155;141;12225,5;793049,775;0,012
2023;ORD_T;BA;A662;BARI;6005;3801;2204;2045;163988;14330118,39;0,031
2023;ORD_T;BG;A794;BERGAMO;2744;1634;1110;925;69876,5;6744870,884;0,030
2023;ORD_T;BI;A859;BIELLA;535;109;426;360;23462;1504577,573;0,026
2023;ORD_T;BL;A757;BELLUNO;219;44;175;156;12239;1173683,35;0,015
2023;ORD_T;BN;A783;BENEVENTO;647;354;293;262;23642,5;1295519,07;0,022
2023;ORD_T;BO;A944;BOLOGNA;6392;3838;2554;2371;178708,5;24672420,21;0,022
2023;ORD_T;BR;B180;BRINDISI;941;295;646;532;51590;3284640,585;0,033
2023;ORD_T;BS;B157;BRESCIA;2388;1261;1127;929;73393,5;7397089,984;0,020
2023;ORD_T;BZ;A952;BOLZANO;986;236;750;388;38540;1805499,064;0,015
2023;ORD_T;CA;B354;CAGLIARI;4803;3103;1700;1455;129000,5;10569177,47;0,050
2023;ORD_T;CB;B519;CAMPOBASSO;1433;783;650;568;52287;2454952,461;0,055
2023;ORD_T;CE;B963;CASERTA;691;263;428;355;29324,5;2022181,261;0,019
2023;ORD_T;CH;C632;CHIETI;630;333;297;271;23732;1409663,916;0,023
2023;ORD_T;CL;B429;CALTANISSETTA;709;223;486;473;39241;1464065,636;0,026
2023;ORD_T;CN;D205;CUNEO;508;100;408;356;25399,5;1811024;0,022
2023;ORD_T;CO;C933;COMO;1283;440;843;717;52322,5;7409202,424;0,032
2023;ORD_T;CR;D150;CREMONA;631;213;418;353;24178,5;1906432,961;0,018
2023;ORD_T;CS;D086;COSENZA;461;160;301;287;25907,5;1341431,283;0,018
2023;ORD_T;CT;C351;CATANIA;3710;2305;1405;1303;114563;7921404,604;0,017
2023;ORD_T;CZ;C352;CATANZARO;1076;678;398;385;32069,5;1897228,808;0,019
2023;ORD_T;EN;C342;ENNA;325;215;110;98;10454;473599,749;0,011
2023;ORD_T;FE;D548;FERRARA;2438;1435;1003;891;72746,5;6256135,739;0,029
2023;ORD_T;FG;D643;FOGGIA;1471;646;825;700;49705;3106577,965;0,027
2023;ORD_T;FI;D612;FIRENZE;12303;4810;7493;7189;650923;145620877,3;0,083
2023;ORD_T;FO;D704;FORLI;1619;971;648;538;44795,5;3430628,333;0,024
2023;ORD_T;FR;D810;FROSINONE;514;164;350;323;26537;1802599,899;0,034
2023;ORD_T;GE;D969;GENOVA;4098;1391;2707;2361;201222;21891944,94;0,019
2023;ORD_T;GO;E098;GORIZIA;148;85;63;7;1105;58428;0,001
2023;ORD_T;GR;E202;GROSSETO;322;49;273;246;18306;2269095,943;0,013
2023;ORD_T;IM;E290;IMPERIA;161;16;145;130;10058;952010,457;0,008
2023;ORD_T;IS;E335;ISERNIA;384;80;304;272;20379;1145153,435;0,056
2023;ORD_T;KR;D122;CROTONE;159;10;149;143;13423,5;897447,693;0,012
2023;ORD_T;LC;E507;LECCO;584;223;361;298;23898;2175432,04;0,026
2023;ORD_T;LE;E506;LECCE;3315;1918;1397;1244;122826,5;7394499,619;0,051
2023;ORD_T;LI;E625;LIVORNO;988;123;865;786;62032;6184064,268;0,030
2023;ORD_T;LO;E648;LODI;291;93;198;158;9802,5;1056414,688;0,015
2023;ORD_T;LT;E472;LATINA;769;299;470;381;29019;2333539,558;0,017
2023;ORD_T;LU;E715;LUCCA;465;137;328;281;28122,5;2954706,878;0,014
2023;ORD_T;MC;E783;MACERATA;663;324;339;311;26573;1557395,758;0,032
2023;ORD_T;ME;F158;MESSINA;2132;1167;965;917;80603,5;5064048,204;0,015
2023;ORD_T;MI;F205;MILANO;38916;15451;23465;22070;1447141,5;275886972,9;0,056
2023;ORD_T;MN;E897;MANTOVA;966;330;636;539;41212;3421447,119;0,034
2023;ORD_T;MO;F257;MODENA;1761;1293;468;360;32058;3182414,231;0,009
2023;ORD_T;MS;F023;MASSA;447;48;399;325;32083;4917342,568;0,017
2023;ORD_T;MT;F052;MATERA;285;129;156;139;12938;1377744,017;0,013
2023;ORD_T;NA;F839;NAPOLI;4826;2763;2063;1953;158339,5;17275709,78;0,009
2023;ORD_T;NO;F952;NOVARA;1394;583;811;680;47659,5;4281426,582;0,029
2023;ORD_T;NU;F979;NUORO;248;68;180;159;13125;748242,323;0,024
2023;ORD_T;OR;G113;ORISTANO;391;100;291;208;16442,5;1275320,138;0,032
2023;ORD_T;PA;G273;PALERMO;5833;3000;2833;2726;242562;17840103,82;0,018
2023;ORD_T;PC;G535;PIACENZA;1050;382;668;566;42906,5;3820486,357;0,022
2023;ORD_T;PD;G224;PADOVA;5005;3249;1756;1390;121978;12387013,01;0,031
2023;ORD_T;PE;G482;PESCARA;1383;750;633;572;55036;3883768,781;0,021
2023;ORD_T;PG;G478;PERUGIA;2955;1423;1532;1358;104343,5;8116961,042;0,038
2023;ORD_T;PI;G702;PISA;2775;1659;1116;961;79406;10430869,14;0,035
2023;ORD_T;PN;G888;PORDENONE;245;102;143;99;8349;654163,236;0,010
2023;ORD_T;PO;G999;PRATO;571;180;391;322;27655;2561934,259;0,012
2023;ORD_T;PR;G337;PARMA;2757;1352;1405;1153;83960,5;8076380,846;0,024
2023;ORD_T;PS;G479;PESARO;412;73;339;292;26517;3563717,762;0,016
2023;ORD_T;PT;G713;PISTOIA;268;70;198;180;15962;1181853,06;0,010
2023;ORD_T;PV;G388;PAVIA;1164;369;795;661;42942;3991270,3;0,027
2023;ORD_T;PZ;G942;POTENZA;941;511;430;385;35641;1774415,695;0,031
2023;ORD_T;RA;H199;RAVENNA;1651;378;1273;1073;74704;12996929,65;0,024
2023;ORD_T;RC;H224;REGGIO DI CALABRIA;689;219;470;400;34872;1769744,296;0,008
2023;ORD_T;RE;H223;REGGIO NELL`EMILIA;1180;644;536;426;33648;2635543,555;0,012
2023;ORD_T;RG;H163;RAGUSA;1084;261;823;699;59761,5;2589530,39;0,028
2023;ORD_T;RI;H282;RIETI;429;171;258;194;17540;976875,766;0,016
2023;ORD_T;RM;H501;ROMA;21671;12989;8682;7851;634285;102307540;0,014
2023;ORD_T;RN;H294;RIMINI;1208;578;630;536;41154;4285556,992;0,015
2023;ORD_T;RO;H620;ROVIGO;196;51;145;108;8749;531014,067;0,010
2023;ORD_T;SA;H703;SALERNO;830;454;376;344;30962,5;2968203,732;0,014
2023;ORD_T;SI;I726;SIENA;2739;1599;1140;1056;92399,5;8805084,605;0,075
2023;ORD_T;SO;I829;SONDRIO;222;20;202;162;10445;809922,45;0,023
2023;ORD_T;SP;E463;LA SPEZIA;614;87;527;494;35588,5;3766164,41;0,021
2023;ORD_T;SR;I754;SIRACUSA;936;193;743;708;59458;4350749,467;0,025
2023;ORD_T;SS;I452;SASSARI;1547;919;628;580;50043;3032064,703;0,024
2023;ORD_T;SV;I480;SAVONA;314;34;280;257;20209;1860095,945;0,016
2023;ORD_T;TA;L049;TARANTO;740;168;572;543;42344,5;3111563,716;0,014
2023;ORD_T;TE;L103;TERAMO;241;114;127;109;10570;519052,864;0,010
2023;ORD_T;TN;L378;TRENTO;2695;1782;913;711;68656;5157158,263;0,024
2023;ORD_T;TO;L219;TORINO;14043;6262;7781;7349;491180,5;51576494,39;0,033
2023;ORD_T;TP;L331;TRAPANI;715;123;592;557;40622;2944421,283;0,033
2023;ORD_T;TR;L117;TERNI;403;94;309;289;22177;1322053,734;0,012
2023;ORD_T;TS;L424;TRIESTE;1655;614;1041;742;55082;6457232,901;0,015
2023;ORD_T;TV;L407;TREVISO;929;336;593;390;33749,5;2594963,096;0,023
2023;ORD_T;UD;L483;UDINE;1181;545;636;483;46401,5;3760100,197;0,020
2023;ORD_T;VA;L682;VARESE;794;273;521;410;32331;2822087,477;0,020
2023;ORD_T;VB;L746;VERBANIA;412;40;372;311;22221;2076386,427;0,034
2023;ORD_T;VC;L750;VERCELLI;435;55;380;344;22588,5;1758109,986;0,027
2023;ORD_T;VE;L736;VENEZIA;4855;1658;3197;2919;253543;37194624,43;0,048
2023;ORD_T;VI;L840;VICENZA;1019;531;488;361;29830;2458709,135;0,014
2023;ORD_T;VR;L781;VERONA;2583;1310;1273;1052;86818,5;8644925,252;0,017
2023;ORD_T;VT;M082;VITERBO;879;355;524;472;37998;2372160,003;0,029
2023;ORD_T;VV;F537;VIBO VALENTIA;222;38;184;163;14527;677982,421;0,019
2024;AGE_C;AG;A089;AGRIGENTO;420;43;377;365;37942;1602530,169;0,019
2024;AGE_C;AL;A182;ALESSANDRIA;2033;83;1950;1575;124557;6960714,835;0,064
2024;AGE_C;AN;A271;ANCONA;1646;113;1533;1316;108758,5;8493885,842;0,062
2024;AGE_C;AO;A326;AOSTA;237;12;225;153;13741,5;958412,407;0,015
2024;AGE_C;AP;A462;ASCOLI PICENO;479;45;434;360;32099,5;2001957,72;0,035
2024;AGE_C;AQ;A345;L`AQUILA;823;130;693;541;48150;2913252,305;0,017
2024;AGE_C;AR;A390;AREZZO;1549;136;1413;1012;89960,5;6187765,993;0,053
2024;AGE_C;AT;A479;ASTI;1753;22;1731;1321;98566,5;6147360,555;0,065
2024;AGE_C;AV;A509;AVELLINO;491;28;463;378;38902;2002581,12;0,033
2024;AGE_C;BA;A662;BARI;1207;129;1078;865;79930;5732488,265;0,013
2024;AGE_C;BG;A794;BERGAMO;1725;98;1627;1078;90010,5;7836820,683;0,035
2024;AGE_C;BI;A859;BIELLA;625;17;608;453;37477;2083601,241;0,033
2024;AGE_C;BL;A757;BELLUNO;804;56;748;526;44629;3192360,037;0,051
2024;AGE_C;BN;A783;BENEVENTO;351;31;320;288;30389,5;1441538,995;0,024
2024;AGE_C;BO;A944;BOLOGNA;3752;234;3518;2691;221050,5;23033746,84;0,025
2024;AGE_C;BR;B180;BRINDISI;108;9;99;82;9196,5;479786,443;0,005
2024;AGE_C;BS;B157;BRESCIA;1224;77;1147;756;69307;4551031,701;0,016
2024;AGE_C;BZ;A952;BOLZANO;2527;368;2159;1529;138763,5;15450822;0,059
2024;AGE_C;CA;B354;CAGLIARI;620;200;420;326;33484;2917168,815;0,011
2024;AGE_C;CB;B519;CAMPOBASSO;262;21;241;182;18860,5;1067347,607;0,018
2024;AGE_C;CE;B963;CASERTA;1018;56;962;684;76968;3832630,018;0,037
2024;AGE_C;CH;C632;CHIETI;543;74;469;418;38325,5;2019867,719;0,036
2024;AGE_C;CL;B429;CALTANISSETTA;235;37;198;187;20598;764095,519;0,010
2024;AGE_C;CN;D205;CUNEO;633;10;623;411;36237,5;1794465,469;0,026
2024;AGE_C;CO;C933;COMO;619;36;583;426;34653;3859698,76;0,019
2024;AGE_C;CR;D150;CREMONA;1609;33;1576;1159;89636;6967435,9;0,060
2024;AGE_C;CS;D086;COSENZA;442;63;379;350;35208;1861806,424;0,023
2024;AGE_C;CT;C351;CATANIA;2399;311;2088;1901;178823;10897745,53;0,025
2024;AGE_C;CZ;C352;CATANZARO;580;53;527;508;43974,5;2491156,313;0,026
2024;AGE_C;EN;C342;ENNA;220;49;171;163;16115;637809,424;0,018
2024;AGE_C;FE;D548;FERRARA;3030;185;2845;2021;159242,5;12441326,66;0,065
2024;AGE_C;FG;D643;FOGGIA;427;60;367;311;29834,5;1428270,466;0,012
2024;AGE_C;FI;D612;FIRENZE;1668;238;1430;1301;119280;11840878,51;0,015
2024;AGE_C;FO;D704;FORLI;1509;115;1394;867;75758;5037009,331;0,039
2024;AGE_C;FR;D810;FROSINONE;367;41;326;306;29978;1735721,653;0,033
2024;AGE_C;GE;D969;GENOVA;7197;248;6949;6433;522139;41471154,82;0,053
2024;AGE_C;GO;E098;GORIZIA;521;34;487;102;8720;586649,367;0,013
2024;AGE_C;GR;E202;GROSSETO;1157;60;1097;845;64780,5;5354709,919;0,044
2024;AGE_C;IM;E290;IMPERIA;933;30;903;772;61845,5;4681142,712;0,048
2024;AGE_C;IS;E335;ISERNIA;47;3;44;39;4216;177926,081;0,008
2024;AGE_C;KR;D122;CROTONE;269;13;256;234;23120,5;1193297,743;0,020
2024;AGE_C;LC;E507;LECCO;610;28;582;413;32539,5;2797812,565;0,036
2024;AGE_C;LE;E506;LECCE;539;67;472;369;38810,5;2396476,372;0,015
2024;AGE_C;LI;E625;LIVORNO;444;8;436;377;36174;2492721,101;0,014
2024;AGE_C;LO;E648;LODI;352;23;329;235;17834;1421470,266;0,023
2024;AGE_C;LT;E472;LATINA;1833;139;1694;1242;104165,5;7805709,202;0,054
2024;AGE_C;LU;E715;LUCCA;1040;73;967;720;72932,5;5529020,838;0,037
2024;AGE_C;MC;E783;MACERATA;711;70;641;519;45693;2956216,013;0,054
2024;AGE_C;ME;F158;MESSINA;1407;140;1267;1185;106623,5;5748561,076;0,020
2024;AGE_C;MI;F205;MILANO;5953;814;5139;4471;323502,5;52039811,82;0,011
2024;AGE_C;MN;E897;MANTOVA;665;38;627;494;42978;2827347,147;0,032
2024;AGE_C;MO;F257;MODENA;4110;799;3311;2128;163029;14188796,29;0,051
2024;AGE_C;MS;F023;MASSA;556;37;519;481;43163,5;3404304,002;0,026
2024;AGE_C;MT;F052;MATERA;678;148;530;462;39515,5;2925085,245;0,043
2024;AGE_C;NA;F839;NAPOLI;7898;432;7466;7209;611312,5;56604397,08;0,033
2024;AGE_C;NO;F952;NOVARA;1438;82;1356;973;78533;5752891,607;0,043
2024;AGE_C;NU;F979;NUORO;35;3;32;28;2943;144403,5;0,004
2024;AGE_C;OR;G113;ORISTANO;115;12;103;83;8096;468697,698;0,013
2024;AGE_C;PA;G273;PALERMO;5202;345;4857;4726;471560,5;28600184,5;0,031
2024;AGE_C;PC;G535;PIACENZA;2029;123;1906;1382;114030;8148096,216;0,053
2024;AGE_C;PD;G224;PADOVA;3539;492;3047;1949;176211,5;15779100,35;0,043
2024;AGE_C;PE;G482;PESCARA;1397;161;1236;1042;98524,5;6676692,63;0,039
2024;AGE_C;PG;G478;PERUGIA;2862;206;2656;2042;165003;10928978,52;0,057
2024;AGE_C;PI;G702;PISA;708;131;577;485;43592,5;3834295,07;0,018
2024;AGE_C;PN;G888;PORDENONE;1207;36;1171;647;48211,5;3730702,414;0,063
2024;AGE_C;PO;G999;PRATO;960;56;904;651;65059,5;5091961,475;0,025
2024;AGE_C;PR;G337;PARMA;1514;107;1407;968;82330;6001751,723;0,020
2024;AGE_C;PS;G479;PESARO;963;67;896;668;59506;4240338,515;0,037
2024;AGE_C;PT;G713;PISTOIA;1124;103;1021;828;75932;5662135,901;0,046
2024;AGE_C;PV;G388;PAVIA;2047;170;1877;1570;107778;10406186,57;0,065
2024;AGE_C;PZ;G942;POTENZA;42;7;35;33;2727;143173,529;0,003
2024;AGE_C;RA;H199;RAVENNA;1924;116;1808;1224;96884,5;7712797,27;0,027
2024;AGE_C;RC;H224;REGGIO DI CALABRIA;1506;113;1393;1274;130454;5461781,104;0,027
2024;AGE_C;RE;H223;REGGIO NELL`EMILIA;3040;337;2703;1775;137481;10703024,99;0,052
2024;AGE_C;RG;H163;RAGUSA;454;54;400;332;34673,5;1450150,318;0,013
2024;AGE_C;RI;H282;RIETI;284;32;252;194;20094;991306,558;0,016
2024;AGE_C;RM;H501;ROMA;36703;4415;32288;26337;2162524;300176726,7;0,049
2024;AGE_C;RN;H294;RIMINI;2441;238;2203;1465;117039;10962686,31;0,042
2024;AGE_C;RO;H620;ROVIGO;1262;95;1167;766;55778,5;4158741,056;0,075
2024;AGE_C;SA;H703;SALERNO;947;58;889;829;83599,5;6550656,496;0,035
2024;AGE_C;SI;I726;SIENA;704;119;585;464;41156;3781338,021;0,033
2024;AGE_C;SO;I829;SONDRIO;79;2;77;57;4722;271970,259;0,008
2024;AGE_C;SP;E463;LA SPEZIA;1324;37;1287;1201;95136;7861708,91;0,051
2024;AGE_C;SR;I754;SIRACUSA;591;36;555;520;56342,5;2840843,337;0,019
2024;AGE_C;SS;I452;SASSARI;842;138;704;634;55520;3435915,078;0,027
2024;AGE_C;SV;I480;SAVONA;719;10;709;657;54811;4184018,514;0,042
2024;AGE_C;TA;L049;TARANTO;1496;66;1430;1385;124300;6939463,162;0,037
2024;AGE_C;TE;L103;TERAMO;676;90;586;473;45024,5;2487321,608;0,044
2024;AGE_C;TN;L378;TRENTO;3417;537;2880;1840;161453;14266153,3;0,061
2024;AGE_C;TO;L219;TORINO;7420;231;7189;6511;491602;36338546,71;0,029
2024;AGE_C;TP;L331;TRAPANI;252;15;237;217;23460;1095927,854;0,013
2024;AGE_C;TR;L117;TERNI;1869;96;1773;1430;122878,5;6469139,219;0,060
2024;AGE_C;TS;L424;TRIESTE;2881;196;2685;2229;166030;15113102,05;0,044
2024;AGE_C;TV;L407;TREVISO;1918;99;1819;1066;93500;8442196,031;0,062
2024;AGE_C;UD;L483;UDINE;2517;158;2359;1464;118784;9178709,95;0,061
2024;AGE_C;VA;L682;VARESE;508;52;456;311;25058;2049875,16;0,015
2024;AGE_C;VB;L746;VERBANIA;368;5;363;283;20663;1806245,183;0,031
2024;AGE_C;VC;L750;VERCELLI;570;25;545;440;35391;2196034,753;0,036
2024;AGE_C;VE;L736;VENEZIA;2380;146;2234;1674;146155;14021217,22;0,028
2024;AGE_C;VI;L840;VICENZA;2752;140;2612;1557;122477,5;9568711,131;0,059
2024;AGE_C;VR;L781;VERONA;6888;479;6409;4156;354433,5;33046186,63;0,068
2024;AGE_C;VT;M082;VITERBO;1005;77;928;726;64055,5;3755610,776;0,045
2024;AGE_C;VV;F537;VIBO VALENTIA;87;5;82;70;6640;317283,209;0,008
2024;AGE_S;AG;A089;AGRIGENTO;153;48;105;104;10117;465010,455;0,005
2024;AGE_S;AL;A182;ALESSANDRIA;429;115;314;282;19727;1443652,016;0,011
2024;AGE_S;AN;A271;ANCONA;1474;414;1060;984;97255,5;8003945,98;0,047
2024;AGE_S;AO;A326;AOSTA;54;16;38;26;2292;171620,998;0,003
2024;AGE_S;AP;A462;ASCOLI PICENO;388;192;196;178;16593;1181369,654;0,017
2024;AGE_S;AQ;A345;L`AQUILA;5023;2241;2782;2286;225295;14180914,75;0,074
2024;AGE_S;AR;A390;AREZZO;268;132;136;113;10549;807316,028;0,006
2024;AGE_S;AT;A479;ASTI;141;26;115;105;7041;508995,497;0,005
2024;AGE_S;AV;A509;AVELLINO;215;70;145;126;11675;710055,891;0,011
2024;AGE_S;BA;A662;BARI;3939;3015;924;848;83798,5;5160559,759;0,013
2024;AGE_S;BG;A794;BERGAMO;435;248;187;143;11636;1053288,584;0,005
2024;AGE_S;BI;A859;BIELLA;80;4;76;60;4260;294072,054;0,004
2024;AGE_S;BL;A757;BELLUNO;86;19;67;48;4065;298134,548;0,005
2024;AGE_S;BN;A783;BENEVENTO;350;222;128;117;10503,5;511355,556;0,010
2024;AGE_S;BO;A944;BOLOGNA;1988;1299;689;594;52321;5482895,106;0,006
2024;AGE_S;BR;B180;BRINDISI;92;38;54;46;4594;250396,495;0,003
2024;AGE_S;BS;B157;BRESCIA;421;248;173;125;12299;846254,504;0,003
2024;AGE_S;BZ;A952;BOLZANO;741;453;288;236;23924;2184434,606;0,009
2024;AGE_S;CA;B354;CAGLIARI;2692;2110;582;507;52251;3757834,782;0,017
2024;AGE_S;CB;B519;CAMPOBASSO;966;634;332;292;28914,5;1514115,363;0,028
2024;AGE_S;CE;B963;CASERTA;681;319;362;275;26164,5;1733566,454;0,015
2024;AGE_S;CH;C632;CHIETI;3010;1602;1408;1288;115262;8507446,03;0,110
2024;AGE_S;CL;B429;CALTANISSETTA;213;134;79;76;7159,5;290328,837;0,004
2024;AGE_S;CN;D205;CUNEO;21;3;18;18;1182;89835;0,001
2024;AGE_S;CO;C933;COMO;163;60;103;81;5373;775310,243;0,004
2024;AGE_S;CR;D150;CREMONA;371;152;219;184;13772;1169525,13;0,009
2024;AGE_S;CS;D086;COSENZA;163;63;100;95;9330;567738,389;0,006
2024;AGE_S;CT;C351;CATANIA;4178;3439;739;681;64162;4136486,674;0,009
2024;AGE_S;CZ;C352;CATANZARO;1476;1049;427;418;36191;2782473,529;0,021
2024;AGE_S;EN;C342;ENNA;2166;2036;130;127;10831,5;498563,788;0,014
2024;AGE_S;FE;D548;FERRARA;2741;1059;1682;1449;122910,5;10973899,2;0,047
2024;AGE_S;FG;D643;FOGGIA;501;379;122;105;11046,5;606774,305;0,004
2024;AGE_S;FI;D612;FIRENZE;2850;1332;1518;1438;129848;15343582;0,017
2024;AGE_S;FO;D704;FORLI;2112;1457;655;469;44494;2976860,011;0,021
2024;AGE_S;FR;D810;FROSINONE;271;86;185;169;15114;836467,227;0,018
2024;AGE_S;GE;D969;GENOVA;3009;1272;1737;1626;130544,5;12646334,54;0,013
2024;AGE_S;GO;E098;GORIZIA;314;167;147;26;2191;161368,22;0,003
2024;AGE_S;GR;E202;GROSSETO;137;17;120;96;7463,5;652362,894;0,005
2024;AGE_S;IM;E290;IMPERIA;139;10;129;120;7813;752521,721;0,007
2024;AGE_S;IS;E335;ISERNIA;45;14;31;30;3298;116420;0,006
2024;AGE_S;KR;D122;CROTONE;66;14;52;50;4732,5;277308,818;0,004
2024;AGE_S;LC;E507;LECCO;337;190;147;108;9363;801031,017;0,009
2024;AGE_S;LE;E506;LECCE;1902;1086;816;684;66948;4587293,178;0,028
2024;AGE_S;LI;E625;LIVORNO;74;9;65;54;5147;408773,473;0,002
2024;AGE_S;LO;E648;LODI;31;8;23;18;1270;111091,946;0,002
2024;AGE_S;LT;E472;LATINA;733;483;250;192;15824;1193935,364;0,008
2024;AGE_S;LU;E715;LUCCA;158;33;125;108;10379;920068,831;0,006
2024;AGE_S;MC;E783;MACERATA;2091;1229;862;802;70872,5;5272082,923;0,084
2024;AGE_S;ME;F158;MESSINA;2502;1826;676;649;60563;4067041,066;0,011
2024;AGE_S;MI;F205;MILANO;4564;2690;1874;1728;116667,5;21027514,53;0,004
2024;AGE_S;MN;E897;MANTOVA;261;68;193;165;12526;941788,625;0,011
2024;AGE_S;MO;F257;MODENA;1272;846;426;284;22282,5;2020278,207;0,007
2024;AGE_S;MS;F023;MASSA;137;30;107;99;8969;818241,65;0,005
2024;AGE_S;MT;F052;MATERA;371;275;96;89;7912;571622,37;0,008
2024;AGE_S;NA;F839;NAPOLI;3070;2035;1035;1006;85396,5;8839894,842;0,005
2024;AGE_S;NO;F952;NOVARA;746;428;318;258;20342,5;1598320,321;0,011
2024;AGE_S;NU;F979;NUORO;32;21;11;9;1089;55158,75;0,001
2024;AGE_S;OR;G113;ORISTANO;90;49;41;33;3077;199316,84;0,005
2024;AGE_S;PA;G273;PALERMO;2324;1581;743;716;71136,5;4373503,904;0,005
2024;AGE_S;PC;G535;PIACENZA;690;262;428;370;32586;2585943,057;0,014
2024;AGE_S;PD;G224;PADOVA;4281;2284;1997;1372;139138;13080896,61;0,030
2024;AGE_S;PE;G482;PESCARA;2988;1887;1101;1011;94023,5;7044830,405;0,038
2024;AGE_S;PG;G478;PERUGIA;2246;831;1415;1287;115320;8667532,414;0,036
2024;AGE_S;PI;G702;PISA;691;324;367;300;26427,5;2272546,214;0,011
2024;AGE_S;PN;G888;PORDENONE;159;62;97;59;4724;390442,42;0,006
2024;AGE_S;PO;G999;PRATO;210;123;87;67;6485;561065,112;0,003
2024;AGE_S;PR;G337;PARMA;1433;682;751;663;51301;4495137,416;0,014
2024;AGE_S;PS;G479;PESARO;248;34;214;189;17030,5;1324139,311;0,010
2024;AGE_S;PT;G713;PISTOIA;149;31;118;97;9471;785001,307;0,005
2024;AGE_S;PV;G388;PAVIA;2833;1275;1558;1440;97291;10893272,31;0,059
2024;AGE_S;PZ;G942;POTENZA;95;48;47;44;5276;147958,788;0,004
2024;AGE_S;RA;H199;RAVENNA;816;388;428;314;25948,5;2233647,008;0,007
2024;AGE_S;RC;H224;REGGIO DI CALABRIA;532;269;263;250;24444,5;1150620,107;0,005
2024;AGE_S;RE;H223;REGGIO NELL`EMILIA;863;592;271;221;19406;1187147,153;0,007
2024;AGE_S;RG;H163;RAGUSA;132;58;74;66;5621;249768,224;0,003
2024;AGE_S;RI;H282;RIETI;241;139;102;81;8281;441476,999;0,007
2024;AGE_S;RM;H501;ROMA;23121;14386;8735;7809;625436,5;98697225,05;0,014
2024;AGE_S;RN;H294;RIMINI;867;440;427;344;29446;2729711,781;0,010
2024;AGE_S;RO;H620;ROVIGO;207;111;96;73;5901;386960,944;0,007
2024;AGE_S;SA;H703;SALERNO;381;150;231;216;22836;1903753,393;0,009
2024;AGE_S;SI;I726;SIENA;1828;1127;701;641;62263,5;5998855,469;0,046
2024;AGE_S;SO;I829;SONDRIO;20;1;19;14;1055;68096,388;0,002
2024;AGE_S;SP;E463;LA SPEZIA;263;45;218;205;15456;1586811,818;0,009
2024;AGE_S;SR;I754;SIRACUSA;284;79;205;195;18354;1199436,988;0,007
2024;AGE_S;SS;I452;SASSARI;1870;1503;367;338;32396,5;1760995,707;0,014
2024;AGE_S;SV;I480;SAVONA;164;24;140;129;10331;977256,524;0,008
2024;AGE_S;TA;L049;TARANTO;337;105;232;208;17871;1143833,199;0,006
2024;AGE_S;TE;L103;TERAMO;1097;694;403;385;44645;2012560,466;0,036
2024;AGE_S;TN;L378;TRENTO;2993;1876;1117;845;81988;7244596,044;0,028
2024;AGE_S;TO;L219;TORINO;5593;1615;3978;3713;288391;23201353,7;0,017
2024;AGE_S;TP;L331;TRAPANI;130;29;101;93;8123,5;479943,166;0,006
2024;AGE_S;TR;L117;TERNI;426;135;291;234;19664;1156400,445;0,010
2024;AGE_S;TS;L424;TRIESTE;2898;1319;1579;1333;109782;11082795,45;0,026
2024;AGE_S;TV;L407;TREVISO;545;264;281;170;15367;1405704,134;0,010
2024;AGE_S;UD;L483;UDINE;1271;737;534;401;36753,5;2801334,634;0,017
2024;AGE_S;VA;L682;VARESE;116;63;53;33;2694,5;200707,308;0,002
2024;AGE_S;VB;L746;VERBANIA;87;2;85;72;5338;490583,261;0,008
2024;AGE_S;VC;L750;VERCELLI;27;3;24;22;1939;136047,892;0,002
2024;AGE_S;VE;L736;VENEZIA;2515;1213;1302;1135;99060,5;12730683,57;0,019
2024;AGE_S;VI;L840;VICENZA;671;393;278;186;15533;1304504,959;0,007
2024;AGE_S;VR;L781;VERONA;4175;2073;2102;1609;137565,5;14946241,78;0,026
2024;AGE_S;VT;M082;VITERBO;874;350;524;475;40802;2416439,889;0,030
2024;AGE_S;VV;F537;VIBO VALENTIA;20;6;14;12;1168;44802;0,001
2024;ORD_L;AG;A089;AGRIGENTO;195;17;178;159;17415,5;748397,88;0,008
2024;ORD_L;AL;A182;ALESSANDRIA;903;59;844;700;56376,5;3037060,246;0,028
2024;ORD_L;AN;A271;ANCONA;521;86;435;368;27520;2070568,376;0,017
2024;ORD_L;AO;A326;AOSTA;763;36;727;554;40788,5;3071217,149;0,054
2024;ORD_L;AP;A462;ASCOLI PICENO;181;13;168;138;13292,5;631585,829;0,013
2024;ORD_L;AQ;A345;L`AQUILA;218;29;189;142;13525,5;776558,654;0,005
2024;ORD_L;AR;A390;AREZZO;389;50;339;257;22623,5;1486424,769;0,014
2024;ORD_L;AT;A479;ASTI;529;30;499;395;31729,5;1555079,827;0,019
2024;ORD_L;AV;A509;AVELLINO;239;23;216;167;16806;854988,814;0,015
2024;ORD_L;BA;A662;BARI;2436;327;2109;1758;143625,5;12230118,54;0,026
2024;ORD_L;BG;A794;BERGAMO;2364;154;2210;1587;125828,5;14164360,33;0,051
2024;ORD_L;BI;A859;BIELLA;747;24;723;565;45341,5;2537818,03;0,041
2024;ORD_L;BL;A757;BELLUNO;233;11;222;151;12866;947905,103;0,015
2024;ORD_L;BN;A783;BENEVENTO;401;40;361;279;27863,5;1413961,916;0,024
2024;ORD_L;BO;A944;BOLOGNA;12055;3207;8848;7535;538309,5;82588264,04;0,071
2024;ORD_L;BR;B180;BRINDISI;434;24;410;358;33406;2006590,714;0,023
2024;ORD_L;BS;B157;BRESCIA;4573;337;4236;3092;236751,5;22099205,71;0,067
2024;ORD_L;BZ;A952;BOLZANO;1274;151;1123;633;57004,5;4488990,805;0,025
2024;ORD_L;CA;B354;CAGLIARI;1184;246;938;763;64157;6799088,468;0,026
2024;ORD_L;CB;B519;CAMPOBASSO;294;37;257;168;14798,5;928007,094;0,016
2024;ORD_L;CE;B963;CASERTA;461;50;411;306;33227,5;1773258,129;0,017
2024;ORD_L;CH;C632;CHIETI;205;14;191;121;11784,5;323780,193;0,010
2024;ORD_L;CL;B429;CALTANISSETTA;407;35;372;329;30136,5;1246817,598;0,018
2024;ORD_L;CN;D205;CUNEO;1224;56;1168;880;69936,5;4586064,2;0,056
2024;ORD_L;CO;C933;COMO;1674;132;1542;1145;88561,5;10826724,24;0,052
2024;ORD_L;CR;D150;CREMONA;863;61;802;623;49034;3464011,298;0,032
2024;ORD_L;CS;D086;COSENZA;316;29;287;235;22366;1011617,425;0,015
2024;ORD_L;CT;C351;CATANIA;2222;254;1968;1767;154902;9578731,042;0,023
2024;ORD_L;CZ;C352;CATANZARO;422;16;406;352;31027,5;1484459,126;0,018
2024;ORD_L;EN;C342;ENNA;57;6;51;41;4138,5;144885,36;0,005
2024;ORD_L;FE;D548;FERRARA;1539;319;1220;848;65462;5676405,427;0,027
2024;ORD_L;FG;D643;FOGGIA;955;201;754;652;49329,5;2846986,771;0,026
2024;ORD_L;FI;D612;FIRENZE;5689;1058;4631;4179;337862;54089974,71;0,049
2024;ORD_L;FO;D704;FORLI;1014;151;863;630;48692,5;3680164,396;0,028
2024;ORD_L;FR;D810;FROSINONE;277;42;235;204;19248,5;1187431,735;0,022
2024;ORD_L;GE;D969;GENOVA;2809;189;2620;2018;165245,5;12939900,18;0,017
2024;ORD_L;GO;E098;GORIZIA;118;9;109;22;1876;113567,423;0,003
2024;ORD_L;GR;E202;GROSSETO;254;20;234;193;15758;1088991,984;0,010
2024;ORD_L;IM;E290;IMPERIA;162;6;156;123;10612;737435,727;0,008
2024;ORD_L;IS;E335;ISERNIA;122;13;109;95;9928;406323,789;0,020
2024;ORD_L;KR;D122;CROTONE;287;14;273;185;18474,5;815880,918;0,016
2024;ORD_L;LC;E507;LECCO;556;48;508;385;31350;2869559,835;0,033
2024;ORD_L;LE;E506;LECCE;821;119;702;540;54343,5;3448217,449;0,022
2024;ORD_L;LI;E625;LIVORNO;1286;78;1208;1081;82820;7184175,337;0,041
2024;ORD_L;LO;E648;LODI;847;36;811;630;44162,5;4088595,684;0,061
2024;ORD_L;LT;E472;LATINA;682;75;607;465;37929,5;3086726,958;0,020
2024;ORD_L;LU;E715;LUCCA;691;83;608;496;46990;3834840,715;0,026
2024;ORD_L;MC;E783;MACERATA;222;22;200;145;12462;690102,452;0,015
2024;ORD_L;ME;F158;MESSINA;979;99;880;791;67960;3569585,791;0,013
2024;ORD_L;MI;F205;MILANO;41344;7143;34201;29671;2042582,5;426717968,3;0,076
2024;ORD_L;MN;E897;MANTOVA;1280;126;1154;868;70138,5;5081844,432;0,056
2024;ORD_L;MO;F257;MODENA;3619;1522;2097;1373;124371;13793762,6;0,033
2024;ORD_L;MS;F023;MASSA;198;19;179;156;14582,5;1074377,247;0,008
2024;ORD_L;MT;F052;MATERA;160;28;132;112;9817;856159,385;0,010
2024;ORD_L;NA;F839;NAPOLI;6508;461;6047;5668;431224;38999142,41;0,026
2024;ORD_L;NO;F952;NOVARA;1460;81;1379;1063;75061;6160133,491;0,046
2024;ORD_L;NU;F979;NUORO;241;18;223;202;17982,5;1025621,712;0,031
2024;ORD_L;OR;G113;ORISTANO;199;22;177;111;10520;729812,984;0,017
2024;ORD_L;PA;G273;PALERMO;5222;465;4757;4471;396598,5;26122599,33;0,029
2024;ORD_L;PC;G535;PIACENZA;1729;146;1583;1249;91357;7195586,938;0,048
2024;ORD_L;PD;G224;PADOVA;5697;1852;3845;2752;214951,5;21853240,5;0,061
2024;ORD_L;PE;G482;PESCARA;684;59;625;426;40388;2624287,815;0,016
2024;ORD_L;PG;G478;PERUGIA;1525;319;1206;975;76280,5;5445434,872;0,027
2024;ORD_L;PI;G702;PISA;4191;2224;1967;1754;135940,5;14238614,05;0,065
2024;ORD_L;PN;G888;PORDENONE;714;26;688;394;37576;3098322,916;0,038
2024;ORD_L;PO;G999;PRATO;2342;186;2156;1681;150000;15206189,52;0,065
2024;ORD_L;PR;G337;PARMA;6392;1309;5083;3803;273636;29446078,56;0,079
2024;ORD_L;PS;G479;PESARO;495;59;436;308;26559;2298058,272;0,017
2024;ORD_L;PT;G713;PISTOIA;411;51;360;282;25649;1607334,431;0,016
2024;ORD_L;PV;G388;PAVIA;983;95;888;764;50616,5;4844090,697;0,031
2024;ORD_L;PZ;G942;POTENZA;663;90;573;446;40328;3007474,015;0,036
2024;ORD_L;RA;H199;RAVENNA;992;171;821;577;47056;4002273,462;0,013
2024;ORD_L;RC;H224;REGGIO DI CALABRIA;537;43;494;404;40923;1784902,379;0,008
2024;ORD_L;RE;H223;REGGIO NELL`EMILIA;1896;486;1410;1031;80401;6754618,185;0,030
2024;ORD_L;RG;H163;RAGUSA;436;53;383;303;28259;1216889,143;0,012
2024;ORD_L;RI;H282;RIETI;432;60;372;246;21541;1254905,227;0,021
2024;ORD_L;RM;H501;ROMA;16628;3104;13524;11271;899042;141525547,2;0,021
2024;ORD_L;RN;H294;RIMINI;1132;179;953;671;53612;4879970,462;0,019
2024;ORD_L;RO;H620;ROVIGO;412;21;391;235;19069;1006600,665;0,023
2024;ORD_L;SA;H703;SALERNO;596;46;550;479;44256;4272991,258;0,020
2024;ORD_L;SI;I726;SIENA;738;249;489;437;36616,5;3570563,593;0,031
2024;ORD_L;SO;I829;SONDRIO;639;28;611;443;31630,5;2272643,738;0,063
2024;ORD_L;SP;E463;LA SPEZIA;622;22;600;519;41222,5;3172983,677;0,022
2024;ORD_L;SR;I754;SIRACUSA;506;36;470;412;39738;2194099,837;0,015
2024;ORD_L;SS;I452;SASSARI;750;107;643;543;41877;2984529,96;0,023
2024;ORD_L;SV;I480;SAVONA;325;5;320;292;24148,5;1641214,881;0,019
2024;ORD_L;TA;L049;TARANTO;675;31;644;587;50795,5;2743638,391;0,016
2024;ORD_L;TE;L103;TERAMO;115;16;99;78;7697;380869,73;0,007
2024;ORD_L;TN;L378;TRENTO;2142;703;1439;865;77583;6405107,711;0,028
2024;ORD_L;TO;L219;TORINO;18086;2522;15564;13996;937241,5;101373794,3;0,063
2024;ORD_L;TP;L331;TRAPANI;518;32;486;441;40976,5;2136521,828;0,027
2024;ORD_L;TR;L117;TERNI;460;28;432;354;29112,5;1693013,612;0,015
2024;ORD_L;TS;L424;TRIESTE;1395;127;1268;966;61753,5;5655119,669;0,019
2024;ORD_L;TV;L407;TREVISO;963;72;891;580;51395;3535459,426;0,034
2024;ORD_L;UD;L483;UDINE;1209;100;1109;678;56790;3878686,248;0,028
2024;ORD_L;VA;L682;VARESE;2145;160;1985;1365;111789,5;10826638,02;0,066
2024;ORD_L;VB;L746;VERBANIA;430;30;400;330;25337,5;1955587,271;0,036
2024;ORD_L;VC;L750;VERCELLI;585;27;558;470;34209;2180395,496;0,038
2024;ORD_L;VE;L736;VENEZIA;1871;301;1570;1263;110610,5;13935376,27;0,021
2024;ORD_L;VI;L840;VICENZA;3602;272;3330;1932;195020,5;14455795,94;0,074
2024;ORD_L;VR;L781;VERONA;2364;301;2063;1506;125236;11702889,85;0,025
2024;ORD_L;VT;M082;VITERBO;424;42;382;311;24956;1528265,646;0,019
2024;ORD_L;VV;F537;VIBO VALENTIA;193;9;184;137;14027;574823,771;0,016
2024;ORD_T;AG;A089;AGRIGENTO;236;46;190;181;16468,5;718392,571;0,009
2024;ORD_T;AL;A182;ALESSANDRIA;1098;238;860;783;52658,5;3992700,966;0,032
2024;ORD_T;AN;A271;ANCONA;998;416;582;542;48534,5;4444505,23;0,026
2024;ORD_T;AO;A326;AOSTA;463;101;362;320;24570,5;3006306,997;0,031
2024;ORD_T;AP;A462;ASCOLI PICENO;326;113;213;202;17699,5;1104414,878;0,020
2024;ORD_T;AQ;A345;L`AQUILA;1310;504;806;653;64675;4086248,539;0,021
2024;ORD_T;AR;A390;AREZZO;356;135;221;167;15890,5;1213673,1;0,009
2024;ORD_T;AT;A479;ASTI;296;56;240;209;13730,5;1049319,011;0,010
2024;ORD_T;AV;A509;AVELLINO;254;97;157;143;12728;850115,499;0,013
2024;ORD_T;BA;A662;BARI;6769;4332;2437;2229;178968,5;16124254,75;0,034
2024;ORD_T;BG;A794;BERGAMO;2882;1650;1232;1036;78443,5;8078015,023;0,033
2024;ORD_T;BI;A859;BIELLA;555;81;474;407;25602;1774057,161;0,029
2024;ORD_T;BL;A757;BELLUNO;221;60;161;140;10021;795572,79;0,014
2024;ORD_T;BN;A783;BENEVENTO;672;367;305;276;25928,5;1368705,317;0,023
2024;ORD_T;BO;A944;BOLOGNA;6527;3979;2548;2346;174174;26661931,52;0,022
2024;ORD_T;BR;B180;BRINDISI;922;323;599;528;49610,5;3145783,855;0,033
2024;ORD_T;BS;B157;BRESCIA;2760;1496;1264;1041;82645,5;8427164,13;0,023
2024;ORD_T;BZ;A952;BOLZANO;518;260;258;172;15520;1586611,925;0,007
2024;ORD_T;CA;B354;CAGLIARI;5184;3464;1720;1446;130844;10980903,58;0,050
2024;ORD_T;CB;B519;CAMPOBASSO;1452;845;607;538;48665;2339142,201;0,052
2024;ORD_T;CE;B963;CASERTA;736;274;462;398;31074,5;2430870,954;0,022
2024;ORD_T;CH;C632;CHIETI;624;291;333;306;26544;1605027,982;0,026
2024;ORD_T;CL;B429;CALTANISSETTA;723;237;486;475;37627;1483572,338;0,026
2024;ORD_T;CN;D205;CUNEO;556;106;450;381;27212;2016777,001;0,024
2024;ORD_T;CO;C933;COMO;1324;433;891;729;55510,5;8377991,606;0,033
2024;ORD_T;CR;D150;CREMONA;721;252;469;398;28523,5;2148231,364;0,021
2024;ORD_T;CS;D086;COSENZA;427;143;284;275;24509;1489981,241;0,018
2024;ORD_T;CT;C351;CATANIA;3841;2523;1318;1241;108429,5;7204448,227;0,016
2024;ORD_T;CZ;C352;CATANZARO;989;636;353;331;26679;1750536,993;0,017
2024;ORD_T;EN;C342;ENNA;316;231;85;72;7544,5;372894,667;0,008
2024;ORD_T;FE;D548;FERRARA;2272;1344;928;823;66522;6733289,748;0,027
2024;ORD_T;FG;D643;FOGGIA;1740;727;1013;845;60758;3631991,316;0,033
2024;ORD_T;FI;D612;FIRENZE;12797;4951;7846;7489;671860;163990047,6;0,087
2024;ORD_T;FO;D704;FORLI;1823;1106;717;595;49469;3807042,085;0,027
2024;ORD_T;FR;D810;FROSINONE;487;153;334;298;24955;1661044,033;0,032
2024;ORD_T;GE;D969;GENOVA;4417;1552;2865;2511;210901,5;24633028,55;0,021
2024;ORD_T;GO;E098;GORIZIA;150;92;58;9;987;55888,429;0,001
2024;ORD_T;GR;E202;GROSSETO;251;42;209;189;14702;1701235,121;0,010
2024;ORD_T;IM;E290;IMPERIA;190;11;179;158;12341,5;1154401,546;0,010
2024;ORD_T;IS;E335;ISERNIA;410;138;272;233;17992;1021917,731;0,048
2024;ORD_T;KR;D122;CROTONE;138;15;123;115;10514;838566,797;0,010
2024;ORD_T;LC;E507;LECCO;615;289;326;250;18266;2044789,36;0,022
2024;ORD_T;LE;E506;LECCE;3463;2044;1419;1263;122562,5;7545496,413;0,052
2024;ORD_T;LI;E625;LIVORNO;982;147;835;754;60106,5;6331694,989;0,029
2024;ORD_T;LO;E648;LODI;268;104;164;142;9331,5;942464,339;0,014
2024;ORD_T;LT;E472;LATINA;777;340;437;356;29010;2250329,728;0,016
2024;ORD_T;LU;E715;LUCCA;592;178;414;363;36000,5;4412432,743;0,019
2024;ORD_T;MC;E783;MACERATA;591;306;285;261;20946;1399953,78;0,027
2024;ORD_T;ME;F158;MESSINA;2468;1514;954;888;75889,5;5085149,891;0,015
2024;ORD_T;MI;F205;MILANO;41979;17308;24671;23044;1512158,5;305134387,2;0,059
2024;ORD_T;MN;E897;MANTOVA;962;349;613;533;39204,5;3575063,918;0,034
2024;ORD_T;MO;F257;MODENA;1953;1452;501;382;34653;4064438,665;0,009
2024;ORD_T;MS;F023;MASSA;450;48;402;333;31438;5276667,354;0,018
2024;ORD_T;MT;F052;MATERA;215;111;104;90;8096;699868,455;0,008
2024;ORD_T;NA;F839;NAPOLI;5201;2972;2229;2108;161850;18792156,06;0,010
2024;ORD_T;NO;F952;NOVARA;1475;638;837;712;50555;4740326,949;0,031
2024;ORD_T;NU;F979;NUORO;241;78;163;147;12410;730210,109;0,023
2024;ORD_T;OR;G113;ORISTANO;386;99;287;199;15481;1385237,118;0,031
2024;ORD_T;PA;G273;PALERMO;6159;3351;2808;2701;237068;17042754,91;0,018
2024;ORD_T;PC;G535;PIACENZA;1073;411;662;559;42057,5;3489381,636;0,022
2024;ORD_T;PD;G224;PADOVA;5413;3629;1784;1445;123922,5;13589880,8;0,032
2024;ORD_T;PE;G482;PESCARA;1385;771;614;531;49230;3716413,164;0,020
2024;ORD_T;PG;G478;PERUGIA;3033;1487;1546;1361;103486,5;8811314,969;0,038
2024;ORD_T;PI;G702;PISA;2813;1623;1190;992;83834,5;11418734,71;0,037
2024;ORD_T;PN;G888;PORDENONE;315;118;197;139;11661;1060430,806;0,013
2024;ORD_T;PO;G999;PRATO;528;191;337;279;24148,5;2592074,389;0,011
2024;ORD_T;PR;G337;PARMA;3130;1559;1571;1275;91552;9448791,319;0,026
2024;ORD_T;PS;G479;PESARO;396;77;319;277;25479;3495435,517;0,015
2024;ORD_T;PT;G713;PISTOIA;269;72;197;179;15335;1350418,791;0,010
2024;ORD_T;PV;G388;PAVIA;947;395;552;497;34720;3479366,273;0,020
2024;ORD_T;PZ;G942;POTENZA;873;479;394;357;32005,5;1607123,824;0,029
2024;ORD_T;RA;H199;RAVENNA;1965;518;1447;1240;85839,5;14958367,91;0,027
2024;ORD_T;RC;H224;REGGIO DI CALABRIA;738;261;477;413;35925;1839777,153;0,009
2024;ORD_T;RE;H223;REGGIO NELL`EMILIA;1217;700;517;404;32973,5;2856352,524;0,012
2024;ORD_T;RG;H163;RAGUSA;1109;257;852;686;59195;2761132,239;0,027
2024;ORD_T;RI;H282;RIETI;429;192;237;174;14867;918594,696;0,015
2024;ORD_T;RM;H501;ROMA;21686;13484;8202;7393;583896;100381724,5;0,014
2024;ORD_T;RN;H294;RIMINI;1149;515;634;549;41518;4674380,847;0,016
2024;ORD_T;RO;H620;ROVIGO;166;35;131;98;7673;563020,325;0,010
2024;ORD_T;SA;H703;SALERNO;800;425;375;345;30734,5;2924873,849;0,015
2024;ORD_T;SI;I726;SIENA;2664;1683;981;903;78814,5;8028262,137;0,064
2024;ORD_T;SO;I829;SONDRIO;250;40;210;175;11462;920313,984;0,025
2024;ORD_T;SP;E463;LA SPEZIA;611;105;506;462;34572;3998942,604;0,020
2024;ORD_T;SR;I754;SIRACUSA;1004;250;754;705;59581,5;4811272,761;0,025
2024;ORD_T;SS;I452;SASSARI;1442;875;567;519;48012,5;2955551,58;0,022
2024;ORD_T;SV;I480;SAVONA;308;50;258;241;18405;1809535,653;0,015
2024;ORD_T;TA;L049;TARANTO;654;199;455;430;32700,5;2501383,351;0,012
2024;ORD_T;TE;L103;TERAMO;231;108;123;109;11709,5;678166,949;0,010
2024;ORD_T;TN;L378;TRENTO;2843;1929;914;647;66191,5;4792826,294;0,021
2024;ORD_T;TO;L219;TORINO;15596;7156;8440;7938;527575,5;58050736,34;0,036
2024;ORD_T;TP;L331;TRAPANI;794;184;610;575;41248,5;2821167,434;0,035
2024;ORD_T;TR;L117;TERNI;373;76;297;266;21536,5;1377175,216;0,011
2024;ORD_T;TS;L424;TRIESTE;1597;647;950;687;49218,5;5785170,084;0,014
2024;ORD_T;TV;L407;TREVISO;833;378;455;324;28058,5;3328154,34;0,019
2024;ORD_T;UD;L483;UDINE;1249;541;708;551;52031;4825279,977;0,023
2024;ORD_T;VA;L682;VARESE;815;347;468;369;26925;2628990,149;0,018
2024;ORD_T;VB;L746;VERBANIA;397;50;347;294;21094;1910227,338;0,032
2024;ORD_T;VC;L750;VERCELLI;471;110;361;318;20355;1483702,187;0,026
2024;ORD_T;VE;L736;VENEZIA;5162;1950;3212;2950;262070,5;40778305,39;0,049
2024;ORD_T;VI;L840;VICENZA;1127;615;512;382;32370;2976813,171;0,015
2024;ORD_T;VR;L781;VERONA;2608;1390;1218;1018;82813;9220653,78;0,017
2024;ORD_T;VT;M082;VITERBO;872;360;512;464;36953,5;2621495,449;0,029
2024;ORD_T;VV;F537;VIBO VALENTIA;222;34;188;166;16295;784680,999;0,019
